avg_score_bonheur,avg_generosite,avg_libExpress,avg_corruption,taux_crime,avgGDP,avgPOP,avg_taux_classe_primaire,avg_taux_classe_secondaire,avg_HiverMin,avg_EteMax,religionImportant,religionPasImp,EsperanceVie,avgMigration,avgTransport,avgUnemployedWomen,avgUnemployedMen
3.5127999782562256,0.26773020029067995,0.5765833311403791,0.8459583297371864,,7094304433.115385,19686780.4615,95.9525636945452,36.95838567188808,,,,,21.5933,,54.93000030517578,11.410040092468261,7.7580400085449215
4.712600040435791,0.16788660287857055,0.7776249920328459,0.7220833351214727,2.0999999046325684,5996964694.634615,2987308.3654,100.25301971435547,85.98197224934896,3.056402015686035,33.20240020751953,22.52826690673828,14.406999905904135,32.5828,1062000.0,,14.242666840553284,14.47337512175242
5.667600059509278,0.06921932101249695,0.6147916615009308,0.6635416746139526,1.2999999523162842,82675876705.15384,28158779.1923,112.10973307291667,54.4874994913737,11.444339942932128,31.69546012878418,90.65315246582031,0.45833349227905273,27.9470,,40.56669998168945,19.45229168732961,12.794333338737488
3.872250020503998,0.10526912473142147,0.45787500217556953,0.7667083404958248,4.800000190734863,36508082669.40385,16213073.3846,35.335400390625,7.514526621500651,24.60205993652344,26.205660247802733,,,21.6225,9000.0,10.699999809265137,16.89062511920929,14.31833322842916
6.45939998626709,0.09237139970064163,0.8989166667064031,0.4949166576067607,5.300000190734863,250518797389.76923,34872371.8654,108.06620025634766,92.91605275472006,19.592780303955077,16.055420112609863,33.72553380330404,12.398450056711832,33.3179,2289000.0,57.54779815673828,11.002499977747599,8.862833420435587
4.393200016021728,0.08239362090826034,0.6591250002384186,0.720583346982797,1.7999999523162842,6665297182.53125,3091654.5625,67.19080708821615,43.592979431152344,,,45.191725730895996,5.049237370491028,32.0199,12000.0,,10.322291711966196,10.997083445390066
7.276200008392334,0.4160778045654297,0.9509166677792867,0.033291667544593416,0.8999999761581421,604151765434.5,18528247.4808,104.04919993082682,20.799667358398438,,,17.558950424194336,31.54110050201416,36.2318,3825000.0,83.489501953125,5.245916684468587,5.186750004688899
7.141999912261963,0.2924003958702087,0.9583749895294508,0.08229166641831398,0.699999988079071,221604574169.67307,7999512.7692,100.9376205444336,99.45097351074219,2.855587935447693,27.128479766845704,19.023475170135498,18.237574815750122,35.4901,17173000.0,95.7428970336914,4.663599987030029,4.830800046920777
5.229200077056885,0.049131860584020616,0.20937499962747097,0.9440833330154419,2.299999952316284,28165307848.65625,8836419.5625,98.15760701497396,0.0,3.329863977432251,30.72216033935547,27.0875670115153,9.233983278274536,29.7219,576000.0,83.0999984741211,6.883458336194356,5.747083326180776
6.113799953460694,0.20315159857273102,0.24910526016825124,0.7057368504373651,0.10000000149011612,13012110934.365385,740548.0192,72.19178670247396,89.44229329427084,16.66173973083496,39.63696060180664,,,32.0927,1396000.0,21.200000762939453,3.709291636943817,0.46033333366115886
4.580199909210205,0.17895899713039398,0.5439583373566469,0.8723750039935112,2.4000000953674316,82997791147.51923,118263417.8462,70.95453389485677,48.23851979573568,17.072260284423827,32.33498001098633,87.95429992675781,0.3807833393414815,26.5695,156000.0,51.80670166015625,6.030791680018107,3.274250010649363
5.597999954223633,0.12000360041856765,0.22137500004221997,0.3592083379626274,2.4000000953674316,38305082101.90625,10010559.0313,101.47361907958984,64.04593302408854,-3.651037019491196,23.93108024597168,15.410033384958902,17.993116696675617,33.2384,363000.0,83.61109924316406,4.997916678587596,8.225708246231079
6.921399879455566,0.20888059735298156,0.9739999969800314,0.03099999949336052,1.7000000476837158,271923733568.76923,10333903.5385,95.33999989827474,148.14619852701824,2.8597559928894043,23.872359848022462,15.391533533732096,26.001166661580402,35.6424,5560000.0,94.33679962158203,7.117749969164531,6.75516672929128
5.955999851226807,0.21995199720064798,,,25.700000762939453,989533282.1346154,232375.0962,112.41793263753256,72.72804667154948,,,,,31.4437,131000.0,,13.320541620254517,5.854125062624614
3.900999927520752,0.1860696017742157,0.821041668454806,0.4949999904880921,1.100000023841858,5096430832.942307,6751656.4038,99.62207946777343,20.117633438110353,24.632619857788086,28.36971969604492,,,23.4901,138000.0,42.41429901123047,1.3713749932746093,1.2525833422938983
5.124799919128418,0.43469899892807007,0.640458325544993,0.11916666633139054,2.5,746594797.8076923,560626.0577,97.34676717122396,52.03248697916667,,,,,24.6159,4800.0,33.5,3.8999583621819816,2.317875012755394
5.813199901580811,0.1851801961660385,0.7769166628519694,0.6815833325187365,7.0,12212482611.711538,8055454.1923,107.14402618408204,84.56546630859376,,,58.44219970703125,2.273829936981201,0.0000,284000.0,27.200000762939453,3.5496249993642173,2.568458318710327
5.16180009841919,0.2709674000740051,0.7259166737397512,0.6924166679382324,1.2999999523162842,11891088285.96875,3876415.7500,0.0,0.0,,,34.005425453186035,7.14174497127533,32.7417,115000.0,71.0999984741211,26.49804174900055,21.65429166952769
3.8299999237060547,0.07904168181121349,0.8082916736602783,0.15541666684051356,15.199999809265137,6287078366.153846,1547335.0192,79.85286763509114,37.54927978515625,,,,,26.8079,521000.0,70.4000015258789,21.077125151952107,16.260166724522907
6.657800102233887,0.134969998896122,0.8697500079870224,0.5105833262205124,22.5,845001864561.0769,161076060.7500,102.98519897460938,79.89324645996093,,,53.68853988647461,3.9655340194702147,30.1854,1991000.0,69.84860229492188,6.0959375103314715,3.865708361069361
4.618600082397461,0.10106360018253327,0.8141666725277901,0.44033333534995717,1.0,27819494545.73077,8228440.7885,103.21677958170572,93.64114735921224,,,16.25472011566162,21.37104034423828,33.7616,3466000.0,85.25,8.841541747252146,9.725958367188772
4.07379994392395,0.21277300417423248,0.8098333403468132,0.45420833056171733,1.2999999523162842,5638297159.365385,11695257.7692,72.3585797627767,20.662646675109862,21.57229995727539,33.81931991577149,82.89820098876953,0.7180160284042358,22.1788,124000.0,37.70000076293945,4.06229168176651,3.6223333279291787
3.0789999961853027,0.18592100441455842,0.43591666376839083,0.796374998986721,6.099999904632568,1355766331.0192308,6685376.5769,116.50621897379557,23.071866734822592,,,,,22.6291,34000.0,,1.440416653951009,2.3934999952713647
4.205400037765503,0.33618059754371643,0.3537083336462577,0.8903750057021776,1.7999999523162842,6651752337.519231,10794919.7115,124.21453196207682,13.963086954752605,23.488880157470703,32.864820098876955,,,24.6556,220000.0,,0.6160833432028691,0.5906666663164893
4.695800018310547,0.20785560011863707,0.650999998052915,0.9341250061988831,1.399999976158142,16949927432.384615,14478588.0192,102.52806549072265,39.336080169677736,,,,,23.9404,100000.0,,4.4599166711171465,3.9027500251928964
7.350599956512451,0.38959800004959105,0.9404583275318146,0.026958333250756066,2.0,835812082894.3846,29453364.2500,86.13601328531901,84.53779958089193,-11.899634170532227,25.96476020812988,26.975500106811523,19.31232500076294,36.2649,16968000.0,77.1229019165039,6.336583375930786,7.149500012397766
3.134249985218048,0.2430565021932125,0.7064999938011169,0.8239166711767515,20.100000381469727,1310374806.4423077,3488606.9038,62.715519460042316,5.061093457539877,22.22239990234375,32.97908096313476,,,22.0728,26000.0,,6.4939167102177935,4.953458309173584
4.003400039672852,0.19312880039215088,0.5528333323697249,0.9560416589180628,,5241311369.903846,8268168.5385,82.70376027425131,19.930779647827148,18.471960067749023,34.53786010742188,,,21.1325,19000.0,,0.5595416637758414,1.136541669567426
6.589399909973144,0.27204840183258056,0.9344166591763496,0.06658333353698254,4.800000190734863,104350540598.46153,14416515.0000,102.94757385253907,94.69809315999349,,,37.20141569773356,8.802311658859253,32.9735,1540000.0,86.45999908447266,9.593333303928375,7.348041653633118
5.218999862670898,0.0494493592530489,0.14712500059977174,0.5286249953011671,0.5,3372873138329.173,1180974835.5769,92.52386576334635,53.161347198486325,-6.065426063537598,31.597380447387696,3.1115116477012634,51.13766733805338,30.3709,20034000.0,55.19260025024414,1.8624166597922642,2.3745625068744025
6.340000057220459,0.1374567985534668,0.7789166669050852,0.4131666657825311,22.600000381469727,134902021028.61539,35973783.3077,114.0079340616862,87.23202616373698,,,55.41540018717448,3.628973364830017,31.5828,1399000.0,43.45000076293945,14.50083339214325,8.975458403428396
3.961666742960612,0.21070333321889242,0.6957916617393494,0.7303333356976509,,559912592.8269231,500482.5000,57.543599446614586,16.095020039876303,24.436239624023436,28.89692039489746,,,24.6623,23000.0,,5.075374980767568,4.3087500135103864
4.377399969100952,0.11230039894580841,0.3557499945163727,0.8402499879399935,,5490689503.384615,3107470.0577,76.9250473022461,11.58958002726237,23.642779541015624,29.7532600402832,,,26.0199,37000.0,,20.647374788920086,18.200000047683716
7.1261999130249025,0.19642260372638704,0.9577499950925509,0.1855416645606359,11.199999809265137,20369665166.26923,3563913.4423,106.08940022786459,94.15394083658855,,,,,33.9868,785000.0,36.32500076293945,10.218291759490967,6.500541627407074
5.458600044250488,0.14515660107135772,0.87933332969745,0.33500000337759656,1.0,41957729204.65625,4465783.6563,90.73995310465494,90.04287923177084,2.4399439334869384,29.482180404663087,22.510074615478516,10.32026743888855,33.9272,1485000.0,88.73999786376953,12.584749976793924,10.847749968369802
5.749300003051758,0.24104500263929368,0.9036666651566824,0.15812500131626925,1.2000000476837158,11620779913.288462,674832.3654,93.91866658528646,90.51766001383463,7.165014982223511,37.27445030212402,50.4763240814209,4.653542459011078,34.2583,2100000.0,90.19999694824219,7.690439987182617,6.853679943084717
6.654600143432617,0.08085136041045189,0.9485000049074491,0.23437500124176344,0.699999988079071,102665074480.45284,12246010.8491,94.26880645751953,90.8650400797526,0.9852746127173304,26.323920440673827,7.775984001159668,47.70772018432617,34.6358,3381000.0,90.3687973022461,6.276119947433472,4.3155999803543095
4.273199892044067,0.1812533974647522,0.7014999985694885,0.6027500058213869,,18823115506.384617,15046981.3077,63.73477274576823,8.600586954752604,21.584459686279295,31.05648002624512,,,23.1258,,50.46670150756836,4.865166703859965,4.325333341956139
7.545999908447266,0.31887601017951966,0.9869999860723814,0.0020416667587899915,1.0,181399118104.67307,5318061.5385,93.94112040201823,123.90506693522136,0.8904202342033386,21.582400131225587,7.646562337875366,28.767425537109375,35.9139,2125000.0,93.70999908447266,5.465791722138722,5.1474582850933075
4.36899995803833,0.1809300035238266,0.29583333308498067,0.6976666723688444,,908926404.9423077,634463.8269,64.17210102081299,43.14904975891113,23.448059844970704,40.51966018676758,,,25.0397,21000.0,,35.63333320617676,21.94533348083496
5.199400138854981,0.16993359923362733,0.8342916642626127,0.7618750110268593,8.899999618530273,28547983115.557693,7853239.8077,106.35313313802084,65.16844024658204,21.07210006713867,31.585939788818358,49.64030075073242,3.3573100566864014,29.7417,1776000.0,15.685700416564941,9.097624997297922,4.297541677951813
5.991999912261963,0.12125240117311478,0.7747500066955885,0.679166667163372,7.800000190734863,38843063115.38461,11718472.3846,105.64246673583985,71.25893936157226,,,60.319101333618164,3.4561150074005127,30.9868,,33.78459930419922,4.824416697025299,3.3750833670298257
4.375199985504151,0.1073201984167099,0.3013749998062849,0.7710833301146826,2.5999999046325684,106658240623.13461,66933421.6731,86.60133412679036,52.34185994466146,11.875540161132813,35.16716003417969,96.05319786071777,0.0873817503452301,27.8543,2871000.0,21.8125,20.94866669178009,6.5379583438237505
6.124199867248535,0.08638959974050522,0.7524583227932453,0.6972499986489614,37.20000076293945,10976351036.615385,5397744.6154,113.61966603597006,70.28375193277995,21.65978012084961,32.045620346069335,86.52310180664062,2.1531100273132324,28.2450,235000.0,28.399999618530273,3.789083311955134,5.920208344856898
5.637800025939941,0.09178415983915329,0.9654583384593328,0.04025000069911281,3.200000047683716,15939172150.21875,1383150.0938,93.55862681070964,97.14323374430339,-3.995837552845478,20.635879516601562,6.105810085932414,35.53051630655924,33.9669,530000.0,96.86669921875,7.460416714350383,8.98499995470047
4.423199939727783,0.2560241997241974,0.3565416696170966,0.57662499944369,8.800000190734863,21030829510.589287,63311903.4821,74.57030665079752,23.708306630452473,,,86.68939971923828,1.0,22.4901,103000.0,31.78569984436035,3.3377199935913087,1.8284800148010254
7.537800025939942,0.21778260171413422,0.9750833188494047,0.015291667232910791,1.600000023841858,141450641881.5,5090666.3077,99.57003987630209,122.49006703694661,-4.848694194853306,20.42327995300293,13.312240028381348,21.837279891967775,35.4636,1779000.0,94.23750305175781,7.874875028928121,8.270833313465118
6.515199947357178,0.11673639863729476,0.9682499965031942,0.05745833242932955,1.2999999523162842,1507346153846.1538,59714666.9615,99.9822001139323,104.21960093180338,4.379823923110962,26.850439453125,12.892575025558472,30.908649921417236,35.9735,60033000.0,95.29850006103516,8.97320822874705,8.242708424727121
4.407799911499024,0.049889080226421356,0.7559583385785421,0.8452500129739443,,7906918691.115385,1253072.2308,28.013132731119793,3.547466786702474,24.46416015625,27.779660034179688,,,26.9868,125000.0,,25.484750191370647,13.85533340771993
4.515999794006348,0.26899999380111694,0.37829166154066723,0.49412498623132706,,1089459731.9615386,1358639.8846,87.95969950358072,11.545826721191407,17.98568000793457,31.60876007080078,,,23.0199,45000.0,,9.469416618347168,6.566166659196218
4.338799953460693,0.05166776031255722,0.7877499982714653,0.24825000204145908,1.899999976158142,9598317186.0625,4209016.8438,98.73189341227213,70.76843973795573,,,69.00167655944824,2.175033763051033,31.9404,1067000.0,,12.689541618029276,15.512666662534079
6.9290000915527346,0.29138579964637756,0.9761666754881541,0.01308333349879831,0.800000011920929,2095903846153.8462,80222334.7308,95.95733337402343,95.4267333984375,0.7637312173843384,23.874140548706055,11.49117660522461,30.861117045084637,35.5762,14847000.0,93.27519989013672,5.90708331267039,6.393500030040741
4.536399936676025,0.2313647985458374,0.9012916634480158,0.6229583273331324,2.0999999046325684,23546515140.557693,18870658.0577,91.34103953043619,45.84177958170573,25.939080047607423,29.205540084838866,90.50835037231445,0.21158415637910366,25.5960,286000.0,52.5,5.253500014543533,4.865125005443891
5.152400016784668,0.0,0.9248333225647608,0.21699999707440534,0.800000011920929,139062943198.48077,10243275.4615,76.12037302652995,78.50687357584636,7.756500148773194,32.795159912109376,43.52429962158203,7.351250012715657,35.8742,10130000.0,90.38330078125,19.201083342234295,11.708833376566568
6.34379997253418,0.24009160399436952,0.7480416670441628,0.7844166631499926,17.5,24214859858.576923,10878565.2885,101.3816660563151,52.987839762369795,,,67.53600120544434,2.308210015296936,27.8477,1448000.0,45.266700744628906,3.303124984105428,2.352583348751068
3.8535999774932863,0.24850500524044036,0.6177916675806046,0.8742916584014893,,4989177567.134615,7820814.0962,72.14308675130208,18.719013341267903,23.608519744873046,28.22378005981445,,,22.0795,12000.0,,4.348625004291534,5.327750007311503
3.8655999660491944,0.4483307957649231,0.7797500044107437,0.8385833303133646,6.699999809265137,6236449295.807693,7818080.1538,0.0,0.0,,,27.969900131225586,7.41855001449585,24.8146,145000.0,17.566699981689453,15.766624848047892,11.19125004609426
5.240800094604492,0.22277179956436158,0.7323750009139379,0.8379583284258842,36.29999923706055,8933087791.076923,6153951.9423,96.2338139851888,42.50996653238932,,,,,28.9801,271000.0,21.34000015258789,6.692374994357427,4.183291653792064
5.452799987792969,0.3348432034254074,0.7298749977101883,0.07149999945734938,0.30000001192092896,143101913996.94232,6108474.7692,35.548133341471356,89.50543365478515,16.105560111999512,32.19237937927246,9.292973518371582,19.818226496378582,35.9073,8007000.0,,3.5682916939258575,4.962916682163875
5.329399967193604,0.0894803412258625,0.7882499893506368,0.3801249998311202,0.800000011920929,68999237830.34616,10246843.1731,99.96698048909505,99.00176595052083,0.4373655915260315,27.97585983276367,19.274160194396973,24.97351989746094,33.5364,2878000.0,92.27860260009766,6.438041637341182,6.522208293279012
7.510999965667724,0.41912400126457217,0.9416666626930237,0.014166666893288493,1.5,9734345578.326923,274674.1731,91.8136464436849,104.34733327229817,-2.2049019575119018,13.726300048828126,19.1482253074646,16.21934962272644,36.8609,190000.0,91.4000015258789,3.720541685819626,4.143250008424123
4.297799968719483,0.22371360063552856,0.7467499996225039,0.5877500126759211,3.0,831497970957.6923,977585907.9615,86.50477396647135,61.80731964111328,10.791800117492675,36.7968994140625,53.99618072509766,5.545311999320984,26.7219,2124000.0,38.79999923706055,7.5582499504089355,7.53550002972285
5.252000045776367,0.5348529934883117,0.8269999896486601,0.7492083385586739,0.4000000059604645,349207173619.1731,198356083.0577,107.76580047607422,72.30655415852864,24.675619506835936,32.15549926757812,96.72553253173828,0.10296873779346545,28.0199,9963000.0,32.93330001831055,5.739041676123937,4.926749994357427
4.689199924468994,0.34109660387039187,0.22379166446626186,0.7044583335518837,2.200000047683716,222892088940.51923,59178173.1923,97.84378712972006,75.95837961832682,,,75.89276885986328,2.238843242327372,0.0000,882000.0,38.003700256347656,17.796000003814697,9.436749974886576
4.52839994430542,0.17414939999580384,0.5430416592086355,0.8241666704416275,7.46666693687439,64108883471.0,23199111.5769,21.226533508300783,9.56739985148112,7.241355991363525,43.33912048339844,90.33740043640137,0.36012349650263786,28.9868,,8.100000381469727,15.43120833237966,9.000458419322968
6.964400100708008,0.38829960227012633,0.9767499963442484,0.03970833386604985,0.699999988079071,130489654804.71153,3841873.3654,105.20293324788412,108.62159983317058,2.933755946159363,20.20913963317871,36.11293284098307,8.629946947097778,35.4570,4818000.0,90.18000030517578,6.553208341201146,8.04991669456164
7.142199993133545,0.319936603307724,0.8568750023841858,0.11920833339293797,1.5,133349519842.17308,5628021.9423,104.16973368326823,103.29759979248047,9.126523780822755,31.860240173339843,,,35.9934,2215000.0,99.87139892578125,7.549958358208339,7.434416602055232
6.0224000930786135,0.17257200181484222,0.9327083354194959,0.22037499770522118,0.5,1200442307692.3076,57361569.9231,94.99766693115234,93.64916025797525,4.4876820087432865,32.04958076477051,31.307949542999268,8.720297455787659,36.0265,31052000.0,94.53269958496094,10.654249986012777,7.843833287556966
5.661999988555908,0.1743136003613472,0.9210416674613953,0.16116666483382383,44.70000076293945,7972419328.173077,2454762.8654,19.143846638997395,76.07147979736328,22.098380279541015,32.92891998291016,,,32.6887,1147000.0,32.900001525878906,8.798583249251047,5.238124996423721
5.925800037384033,0.09557260125875473,0.8970416660110155,0.09645833540707827,0.30000001192092896,3417730769230.769,122527982.5577,93.68109232584635,93.23099975585937,2.8637619972229005,29.734560012817383,5.56380828221639,35.32028388977051,36.3444,,56.79999923706055,3.522208352883657,3.973625053962072
5.179599952697754,0.1330639973282814,0.5206666675706705,0.49545832847555477,1.0,14042138975.961538,4947506.2885,19.823079935709636,65.05100657145182,,,94.76859855651855,0.1911778263747692,30.9868,1075000.0,7.300000190734863,22.516791741053265,12.612791736920675
5.838399982452392,0.15286880284547805,0.35095833366115886,0.8340416749318441,3.200000047683716,96340121592.25,16745946.0938,106.02913309733073,55.06464589436849,-14.202380180358887,26.4932804107666,25.08039951324463,10.19008493423462,30.1656,1471000.0,34.71110153198242,7.328083376089732,5.39300004641215
4.449399948120117,0.391512006521225,0.8477916643023491,0.6783333346247673,4.0,28368341983.46154,29116883.1923,82.87148691813151,26.37648671468099,,,86.6509017944336,1.500789999961853,26.3245,918000.0,29.78569984436035,3.5867500007152557,2.890749990940094
5.885400009155274,0.18609679937362672,0.8864583348234495,0.17041666681567827,0.6000000238418579,620542408929.4807,44293593.8846,93.58944549560547,90.6863535563151,-3.1043620109558105,29.816579818725586,20.939349969228108,16.216500123341877,0.0000,,69.5999984741211,2.8032000064849854,3.3011999988555907
6.148600006103516,0.1718439996242523,0.6539583404858907,0.49329166611035663,1.7999999523162842,57450785426.82692,2215624.2885,102.56133931477865,85.93929341634114,9.958551979064941,46.41781997680664,86.4926986694336,0.46047601103782654,33.2185,72000.0,39.0,4.140750010808309,1.0507083299259345
5.173400020599365,0.33883999586105346,0.6101249953111013,0.8469166631499926,1.7000000476837158,4172286077.0625,5296576.4063,101.31768697102865,83.00662078857422,-5.347931909561157,31.254279708862306,42.32716751098633,4.5396199226379395,29.6093,36000.0,53.30910110473633,3.062041684985161,2.765250007311503
4.792750000953674,0.33717750385403633,0.024458333073804777,0.7638749927282333,,4412638829.0,4919413.6731,115.97626647949218,48.375613403320315,19.58785972595215,33.35518035888672,,,0.0000,60000.0,,1.7890833243727684,2.221374996006489
5.676200008392334,0.13535699993371964,0.942458339035511,0.13766666563848654,2.5999999046325684,19430188902.125,2253506.5000,93.50712025960287,93.6817866007487,-1.9696360111236573,21.766920471191405,9.33908395767212,27.706800079345705,33.6291,539000.0,89.69999694824219,9.460749983787537,11.51779160896937
5.149600028991699,0.21998419761657714,0.7242083375652631,0.7644166747728983,1.899999976158142,18357118456.442307,4124915.0385,102.23073933919271,74.87299296061198,12.297860145568848,30.221739959716796,58.49999809265137,5.333335041999817,32.4371,450000.0,23.850000381469727,11.319499929745993,7.690791686375936
4.078999996185303,0.1360942516475916,0.7167916571100553,0.5444583296775818,43.599998474121094,1054852347.9615384,1780760.1538,111.77786712646484,45.877646382649736,,,,,24.5695,87000.0,,17.642124970753986,13.942541718482971
3.83919997215271,0.23795999884605407,0.7833750049273173,0.8650416607658068,3.299999952316284,1065474103.1346154,2889325.3269,38.58363291422526,8.042513529459635,,,,,22.3179,,,2.1859999895095825,2.718625009059906
5.597000026702881,0.15097880065441133,0.36133332923054695,0.8279999966422716,,38125362674.44231,4595198.1923,34.9232666015625,26.789172871907553,10.33474006652832,34.19062042236328,96.42720031738281,0.040780600160360336,28.9868,56000.0,,24.135291576385498,15.329916636149088
5.929800128936767,0.02516494058072567,0.9429166664679846,0.1542083341628313,3.700000047683716,29134061728.0,3337453.5000,98.81363423665364,102.54233245849609,-3.594815734028816,23.500420379638673,12.716832160949707,13.64359016418457,33.9073,650000.0,88.4800033569336,8.718291680018107,10.81674998998642
6.935999965667724,0.2458461970090866,0.9610000252723694,0.038083333522081375,0.20000000298023224,27871892221.634617,438213.1923,85.85305277506511,85.50805409749348,0.5016673326492309,26.857379913330078,16.052499771118164,25.69320011138916,35.3245,768000.0,97.4000015258789,5.305083314577739,4.13941664993763
5.152400016784668,0.2140841990709305,0.6908750037352244,0.6374583293994268,1.2000000476837158,7313595118.125,2065303.4063,79.0269536336263,65.14114685058594,1.1149939924478531,33.167659759521484,44.19915008544922,7.686962604522705,32.1126,147000.0,,27.46066661675771,27.248208443323772
3.74539999961853,0.19329260289669037,0.7390833348035812,0.8301249990860621,,5905737161.75,15462625.1731,138.35286865234374,21.5072265625,,,,,25.0265,75000.0,56.790000915527344,3.1841250186165175,2.4052083442608514
3.8829999923706056,0.2712259978055954,0.7605000014106432,0.6402083312471708,1.7999999523162842,4021944480.3076925,10846664.6923,123.48919932047527,29.987259674072266,,,,,21.2980,192000.0,41.53329849243164,5.679624954859416,3.9922916491826377
5.904000091552734,0.3466197907924652,0.3931249963740508,0.5319166717429956,2.0999999046325684,124646965525.96153,21058951.4038,100.7036870320638,16.989466857910156,,,79.2108662923177,0.7813170005877813,31.9669,7469000.0,39.599998474121094,3.4903749922911325,3.14616667230924
4.21899995803833,0.17479479908943177,0.8751666645208994,0.8342083320021629,,5621819272.269231,11512676.0385,76.74543965657553,30.03867327372233,21.19816017150879,33.456640625,88.1854019165039,0.2610970139503479,20.5563,42000.0,67.0,1.5437916616598766,1.654958337545395
6.533999919891357,0.48112419843673704,0.8549166669448217,0.2011249978095293,1.600000023841858,5150494784.884615,387790.3654,99.46288045247395,90.72629954020182,10.207021903991699,32.06667976379394,64.70013427734375,2.2684700091679892,35.3113,1116000.0,97.30000305175781,6.056916644175847,5.206833342711131
4.354999923706055,0.17754599899053575,0.7615416646003723,0.8461666579047838,,3230605908.8846154,2526301.0577,93.0519790649414,22.460813268025717,16.401359939575194,31.405719757080078,,,26.3444,24000.0,,12.464874982833862,8.364500065644583
5.706599998474121,0.3135767996311188,0.8402083292603493,0.4675000049173832,2.799999952316284,5339917390.711538,1125988.4808,102.72233327229817,90.18783976236979,24.20115966796875,24.815500259399414,,,31.2715,422000.0,,11.205291549364725,5.260541677474976
6.725199890136719,0.1044160008430481,0.77974999944369,0.625666672984759,28.399999618530273,587721292159.5385,90421951.0000,105.01753285725911,84.7734598795573,,,52.41154988606771,5.290943304697673,31.1854,20241000.0,39.17649841308594,4.039791653553645,3.651166637738546
5.758599853515625,0.1940518021583557,0.7104166696468989,0.6973333346347014,2.299999952316284,5684764773.6875,3878892.4375,89.03630676269532,81.58884684244792,-1.805505383014679,28.74021987915039,32.4074338277181,6.807916641235352,0.0000,32000.0,,2.4565000273287296,3.8643333315849304
5.0291999816894535,0.30083079636096954,0.8782083317637444,0.6765833298365275,6.0,4001982255.730769,2277329.0962,107.57373352050782,53.84544677734375,,,8.756730079650879,25.844999313354492,27.1854,165000.0,47.29999923706055,5.4868749777476,6.0575417081515
5.2919999122619625,0.1568442016839981,0.7140833288431168,0.5553750122586886,2.9000000953674316,2908514900.5,631482.7500,86.65815989176433,75.68217366536459,3.5490860462188722,32.72805938720703,35.44950008392334,7.404364824295044,34.0331,136000.0,,22.092291871706646,19.102041721343994
5.172200107574463,0.04129199907183647,0.5792500004172325,0.6692499866088232,1.2999999523162842,51945556847.0,26466944.9423,107.70440063476562,40.84856669108073,7.4462480545043945,26.578979873657225,91.00312614440918,0.21488900110125542,27.5960,2602000.0,48.86000061035156,10.529000043869019,9.599000056584677
4.601000070571899,0.23697950318455696,0.7051249941190084,0.5344999904433886,3.5,8045932427.634615,17337340.4423,88.8144744873047,18.77252343495687,22.462279891967775,27.3239803314209,,,21.9934,323000.0,35.439998626708984,3.0162083407243094,3.3827083309491477
4.383000087738037,0.7235329985618592,0.2759583340957761,0.7170833423733711,28.399999618530273,21969811189.557693,42027998.1731,67.11456705729167,31.13225351969401,17.280399322509766,31.784250259399414,81.0,0.5,25.9603,194000.0,42.271400451660156,1.207333327581485,0.8569583334028721
4.556999921798706,0.06902092508971691,0.8418749968210856,0.21949999779462814,11.899999618530273,5307323918.096154,1586735.4231,80.35946706136068,25.491653188069662,,,,,26.0464,272000.0,,21.312875032424927,18.9600834051768
4.812400054931641,0.3371311902999878,0.8216249992450079,0.7183750023444494,2.299999952316284,9440039406.807692,21696764.5385,130.53199971516926,52.4979866027832,,,,,25.1126,363000.0,32.483299255371094,11.893625060717264,9.71904170513153
7.404599952697754,0.41514999866485597,0.950749988357226,0.01812500017695129,0.6000000238418579,460792055109.9423,15417142.1346,106.28573354085286,124.27766774495443,2.299426794052124,21.959339904785157,15.299240112304688,34.38400001525879,36.5298,6574000.0,86.2520980834961,4.84012500445048,4.03316667675972
7.313000011444092,0.4328050076961517,0.9564166640241941,0.008874999708496034,2.5999999046325684,82853524889.0577,3772434.4615,99.23092702229818,117.70960032145182,14.938440132141114,13.15496006011963,17.18624973297119,34.59767532348633,35.8742,1475000.0,94.12220001220703,5.03379163146019,4.489583313465118
6.027400016784668,0.2571108013391495,0.5585416674924394,0.8461666628718376,7.900000095367432,5861480090.807693,4662971.6346,64.7492665608724,32.40272674560547,21.997760391235353,32.4012996673584,60.0,2.416670083999634,28.2848,281000.0,49.3286018371582,6.044666677713394,5.4276250302791595
4.104599905014038,0.19904879629611968,0.8298749973376592,0.5737083318332831,4.400000095367432,4769303227.961538,11661979.7692,58.28425903320313,13.299656836191813,21.02984046936035,35.09502029418945,,,21.2980,35000.0,17.200000762939453,1.1147916528085868,1.347916663934787
5.127400016784668,0.23029339909553528,0.8738333260019621,0.9306666652361552,22.0,197484316786.3846,118325553.3077,75.06039326985677,28.897373580932616,,,90.45490112304688,0.7670105785131455,21.3113,656000.0,19.524999618530273,3.9359583655993142,3.9687916537125907
7.540999984741211,0.3289903998374939,0.9708749974767367,0.006958333348544936,0.6000000238418579,206002459542.57693,4488085.0385,99.51357981363932,112.99913330078125,-3.238042861223221,21.961519622802733,12.64454984664917,20.902775287628174,36.6689,2880000.0,90.19999694824219,3.2781666914621987,3.7786250015099845
6.853000164031982,0.21541999280452728,0.10225000077237685,0.2643333363036315,0.30000001192092896,30914620232.96154,2236441.2885,87.06532033284505,75.93801472981771,18.08111991882324,36.23847961425781,,,28.4106,279000.0,27.924999237060547,8.749708314736685,2.443041652441025
5.34399995803833,0.28000120222568514,0.7230416735013326,0.8732916638255119,3.799999952316284,110522881054.0577,139045013.9231,89.11144002278645,32.91830685933431,,,85.3211498260498,0.6567899975925684,26.8344,378000.0,18.496299743652344,2.55812502404054,2.0140416622161865
4.736600112915039,0.10544460117816926,0.4287317060842747,0.37163414715266807,1.0,5282667212.865385,2791292.3654,91.35815989176432,85.83965403238932,5.538745975494384,32.79137992858887,87.5,0.699999988079071,29.7417,220000.0,23.287500381469727,24.479833006858826,20.038874904314678
6.538000011444092,0.18613939881324768,0.8329999993244807,0.5592916732033094,11.100000381469727,18427928758.442307,2816622.8846,98.07122650146485,56.45748647054037,21.87574005126953,30.12261962890625,,,33.0132,345000.0,32.16669845581055,7.5634167194366455,4.875791629155477
5.666600036621094,0.2331022024154663,0.7435833364725113,0.8057083388169607,6.699999809265137,14259605887.692308,4546503.7308,79.588400777181,50.038046264648436,22.65015983581543,27.197319412231444,,,31.5894,438000.0,11.899999618530273,7.067291637261708,4.61991669734319
5.728400039672851,0.11938199996948243,0.8968750014901161,0.5449583368996779,7.699999809265137,76047474441.46153,23919968.5769,110.71633351643881,91.5820536295573,20.22603988647461,17.99025993347168,49.876940155029295,3.217251920700073,29.6821,479000.0,23.799999237060547,4.2754583557446795,3.7414583563804626
5.387399959564209,0.17943259924650193,0.799208328127861,0.7439583241939545,4.400000095367432,118968702350.1923,72176749.0192,71.8957997639974,55.39496714274089,24.197739791870116,31.234339904785156,84.99860000610352,0.27632075548171997,30.8411,1760000.0,31.5,3.428208331267039,3.0036250054836273
5.98080005645752,0.1390972003340721,0.8668333292007446,0.09795833379030228,0.699999988079071,231469529209.42307,37269968.0577,98.03851369222005,100.78255310058594,-1.595620596408844,24.84823989868164,43.72765032450358,4.097899953524272,33.9205,19215000.0,92.46829986572266,10.322499990463257,9.220333278179169
5.304600048065185,0.09024053961038589,0.9687499950329462,0.10308333455274503,0.8999999761581421,120305505253.5,10025354.0577,112.87186737060547,106.84895273844401,9.947895812988282,27.819580078125,20.03125,12.481467366218567,34.3907,9511000.0,92.95709991455078,8.945999960104624,7.707916667064031
7.039000034332275,0.2220200002193451,,,18.5,53111044901.07692,3458028.1154,41.630873616536455,38.31020711263021,21.65039978027344,30.84020004272461,70.49970245361328,2.6344366868336997,34.8940,3131000.0,,9.122541745503744,12.402500053246817
6.421800041198731,0.2912167966365814,0.10312499866510431,0.392875000834465,0.4000000059604645,52491235731.80769,936642.7885,104.2036870320638,92.49894053141276,15.728340148925781,41.21519927978515,98.89179992675781,0.0,33.4636,309000.0,91.68000030517578,2.031875000645717,0.16008333349600434
5.698400020599365,0.11417800039052964,0.8391666660706202,0.5569166615605354,1.5,89399179834.82692,21350438.6346,86.51565348307291,90.1431655883789,-0.07523858845233918,30.972200393676758,47.32988357543945,4.741944909095764,33.0662,2757000.0,74.64669799804688,5.361999998490016,6.706999997297923
5.798599910736084,0.04572275993414223,0.38124999900658924,0.7388333355387052,7.300000190734863,929339622641.5094,192061763.5849,88.10959981282552,79.37445322672527,-5.981516242027283,23.497579956054686,13.749083042144775,21.86418342590332,32.0861,19457000.0,77.86669921875,2.9581458469231925,3.2003750006357827
3.438600015640259,0.22631120085716247,0.2154999996225039,0.4809583363433679,2.5999999046325684,3436873161.826923,7909076.0769,138.75353291829427,27.246806589762368,,,39.54695129394531,1.801353506743908,23.9868,104000.0,30.0,12.328708410263062,10.787499984105429
6.375999927520752,0.12344919890165329,0.10558333372076352,0.446833332379659,0.800000011920929,284493157262.5961,19855615.7308,79.61417236328126,33.4695073445638,,,88.74829864501953,0.46604499220848083,29.9007,3325000.0,30.399999618530273,16.450250069300335,3.4335000018278756
4.394000005722046,0.17478579878807068,0.9006250103314718,0.34604166944821674,0.30000001192092896,9486579881.115385,9301973.6154,81.292746480306,28.63865343729655,18.942180252075197,30.106800079345703,,,24.6689,280000.0,37.277801513671875,8.453583329916,5.5382916529973345
5.339200019836426,0.17816120088100434,0.6428749958674113,0.6547916730244955,1.0,34604343329.9375,8337070.2188,100.70703938802083,91.67030690511068,2.3308219432830812,30.007819747924806,25.16059970855713,8.477864980697632,32.9603,270000.0,53.233299255371094,16.261400032043458,13.452360076904297
4.559200096130371,0.24737820029258728,0.7897083337108294,0.7440833350022634,1.7000000476837158,1830578851.2692308,4913354.6923,37.7705332438151,13.351980082194011,23.983439636230468,28.490159606933595,,,20.7351,13800.0,,2.8760833243529,4.873916665712993
6.542799949645996,0.3032152056694031,0.36379166692495346,0.009166666345360378,0.20000000298023224,119515731462.25,3757911.6731,6.718200174967448,7.208666483561198,25.239620208740234,31.1913200378418,37.68523279825846,7.262973308563232,34.7417,6070000.0,99.0,4.4437916576862335,3.9105416436990104
6.108399963378906,0.13656880110502242,0.9289583290616671,0.29187500414748985,1.2000000476837158,58981447432.90625,5382710.0000,93.70821990966797,85.4808334350586,0.2018358051776886,27.265679550170898,24.53370018005371,20.10361976623535,34.1325,903000.0,92.41429901123047,12.374541620413462,11.352833350499472
5.888000011444092,0.21146180331707,0.8999166662494341,0.12358333341156442,0.5,35769138868.0,2031840.1563,95.2975341796875,95.24319305419922,1.4171428352594375,29.391519927978514,13.64959987004598,24.127182960510254,34.2781,732000.0,92.5,6.84074995915095,5.863791644573212
5.0591667493184405,0.34380850692590076,0.6426041641583046,0.8189583271741867,,2521915589.576923,8730242.9615,0.0,0.0,15.368733088175455,28.229599634806316,,,22.6424,,,22.360520095825194,14.965120010375976
4.675200080871582,0.125730399787426,0.865583340326945,0.43708333000540733,33.5,188663425116.94232,41970321.4615,94.0726801554362,80.34590555826823,,,65.71437911987304,3.435691976547241,27.4238,4488000.0,13.199999809265137,23.11966673533122,19.731291850407917
3.3824999928474426,0.24266524985432625,0.1974999982242783,0.8490000069141388,14.899999618530273,8886209389.285715,10439116.2143,,,,,,,18.1391,,,13.107083320617676,11.111124992370605
6.351399993896484,0.16881080269813536,0.9342083434263865,0.04437500052154064,0.6000000238418579,703820566629.3077,40975713.7692,104.40819956461588,121.71866658528646,2.9921519994735717,29.52151985168457,18.15138339996338,25.866216500600178,36.0265,32971000.0,95.98030090332031,17.177708347638447,13.426749964555105
4.392600059509277,0.38398480117321016,0.6100416717429956,0.5357500029106935,3.5,28376288794.76923,17833982.4423,100.06219329833985,32.87078043619792,23.84252014160156,30.00500030517578,,,32.4106,403000.0,45.45709991455078,8.504208326339722,3.9933333496252694
4.241750001907349,0.17192675173282623,0.2682083348433177,0.8152500068147978,5.099999904632568,27849475464.090908,29812629.2545,59.093920135498045,34.235486857096355,20.492900085449218,38.81501998901367,,,25.2980,29000.0,13.888899803161621,24.676624933878582,11.813541730244955
6.269000053405762,0.1682799980044365,0.8767916659514109,0.23970833172400793,9.399999618530273,1970555363.6153846,465184.3077,98.4249994913737,57.65802764892578,22.761099815368652,31.976651191711426,,,30.0464,43000.0,,13.010958353678385,5.513124992450078
4.539499998092651,0.12829499691724777,0.16729166420797506,0.5254166573286057,11.600000381469727,2076336025.9038463,883187.2308,92.15836588541667,47.26181310017903,,,,,24.6755,300000.0,,26.52145830790202,22.02912473678589
7.319199943542481,0.33651179671287534,0.9698333342870077,0.005708333512302488,1.2000000476837158,292898980894.96155,8893470.1346,97.85914713541666,106.01605885823568,-3.052806258201599,21.231939697265624,9.316611528396606,30.40393320719401,36.8079,2310000.0,87.11329650878906,6.6331667105356855,6.843208332856496
7.511399936676026,0.2774318039417267,0.9781666472554207,0.02266666665673256,0.5,342364521198.88464,7134225.5577,102.946799214681,96.51534627278646,,,16.380849838256836,23.679874897003174,36.5960,6946000.0,92.07689666748047,4.419125040372212,3.736541678508123
3.292199945449829,0.4312847912311554,0.049208333560576044,0.91191665828228,0.8999999761581421,19560719437.076923,14524951.9423,,,,,,,0.0000,815000.0,,23.203041871388752,8.647916555404663
6.397200012207032,0.23201399743556977,0.9068750018874804,0.2959166616201401,0.800000011920929,,,,,15.06720027923584,34.30694046020508,14.53017520904541,9.082975029945374,0.0000,,,0.0,0.0
5.09779987335205,0.23114359974861146,0.22825000217805305,0.908666672805945,0.8999999761581421,4240084524.34375,7218502.1875,97.70701293945312,66.29438680013021,,,63.08330154418945,1.4166699647903442,28.7682,1600.0,41.0077018737793,8.541041632493338,10.616999944051107
3.465999937057495,0.31174920201301576,0.7253333354989687,0.39279166671137017,6.5,19311426136.423077,32351725.7308,88.6233133951823,6.3971199035644535,,,77.79679870605469,0.9393680095672607,0.0000,285000.0,37.599998474121094,3.319166640440623,2.0599583288033805
6.286599922180176,0.4916766047477722,0.5236666686832905,0.6920416603485743,2.5999999046325684,176260726200.57693,57535155.5385,86.32261301676432,72.96263275146484,24.728639221191408,33.21132049560547,51.516998291015625,1.4829780161380768,30.9603,6952000.0,27.200000762939453,1.0351666696369648,1.1112083221475284
3.544199991226196,0.17477520406246186,0.6942083289225897,0.7591250042120615,,2686637289.8653846,4777402.4038,119.75333353678386,20.917686716715494,25.32660026550293,29.002820587158205,,,24.4040,53000.0,46.63330078125,2.8094583501418433,3.6449583570162454
6.17760009765625,0.26381720304489137,0.8667500043908755,0.13220833241939545,38.599998474121094,11792908938.846153,1282903.5385,54.77838643391927,5.700813293457031,21.39837989807129,32.20759963989258,77.5353012084961,2.1314350366592407,32.1192,260000.0,,6.685666640599568,4.293874949216843
4.72839994430542,0.050472679734230044,0.5692916680127382,0.602375004440546,4.800000190734863,22778083597.903847,8951169.3654,110.47606709798177,81.61836090087891,8.6725679397583,33.80589981079102,93.03295135498047,0.41483450680971146,29.8808,4120000.0,56.35559844970703,19.694458603858948,12.531791607538858
5.4153999328613285,0.08105859905481339,0.47575000176827115,0.6872083296378454,2.5,358733648087.78845,59705838.5769,96.1819341023763,84.02291310628256,,,71.72330029805501,2.651003281275431,30.5563,7083000.0,58.29999923706055,10.951208293437958,9.268083254496256
5.582200050354004,0.21767700016498565,0.030041666701436043,0.9167499964435896,4.199999809265137,19771757833.84375,4994210.1250,5.893446858723959,5.7213134765625,3.478207993507385,37.671939849853516,,,29.2185,218000.0,23.088899612426758,3.283083349466324,7.950749933719635
4.020199966430664,0.2796891987323761,0.6648750007152557,0.7926666662096977,9.699999809265137,12475961578.153847,23236852.1731,108.6010726928711,2.864979934692383,,,73.50440216064453,1.1792000532150269,23.3642,160000.0,18.024999618530273,3.5541666448116302,2.4432916790246964
4.3072000503540036,0.2000881999731064,0.6794999986886978,0.7989583263794581,6.199999809265137,101266027892.90625,47460714.3438,87.93409271240235,84.56243998209635,-2.9323387682437896,26.791320037841796,21.512479782104492,15.640900230407714,32.9868,3716000.0,81.66670227050781,7.229374945163727,8.619541565577189
6.744199943542481,0.26782639920711515,0.11720833492775758,0.1181250015894572,0.699999988079071,145528478355.28845,3829234.0000,61.60093383789062,6.387006632486979,15.655039978027343,42.89914093017578,,,31.5629,2315000.0,50.75,5.4824999670187635,1.9902083178361256
6.910000038146973,0.4246907889842987,0.9564583326379458,0.043374999736746155,1.1500000357627869,1515096153846.1538,59488009.6346,97.4781728108724,98.34468688964844,3.1117320537567137,21.552180099487305,15.551774740219116,27.789799690246582,35.8411,21719000.0,95.55829620361328,4.815999994675319,5.604250013828278
6.9988000869750975,0.3550797998905182,0.947583332657814,0.06420833322529991,6.5,9321346153846.154,268076552.3846,92.70442047119141,88.16012725830078,0.6828148096799851,30.618479919433593,48.298116048177086,8.754590034484863,35.3841,43318000.0,58.90570068359375,5.421083331108093,5.776624937852223
6.431200122833252,0.16901139914989471,0.9561666746934255,0.048708334720383085,9.699999809265137,22950040706.01923,3169545.9423,89.5316665649414,81.02347920735677,17.87537956237793,15.742600059509277,21.28737497329712,27.018325328826904,34.3642,2022000.0,55.70000076293945,11.694583455721537,7.3345000346501665
6.046199989318848,0.32752279937267303,0.08300000064385434,0.8387916733821233,1.2000000476837158,37288508974.15625,27083977.1250,96.27109883626302,85.13045450846354,,,34.33330154418945,6.199999809265137,30.3179,,18.942899703979492,7.345791697502136,5.286958307027817
5.5314000129699705,0.0571859210729599,0.48179166950285435,0.9299999922513962,36.70000076293945,127693780419.0,21918901.0385,,,22.789280319213866,31.096760177612303,54.72010040283203,5.208449999491374,0.0000,700000.0,42.46540069580078,9.029166678587595,7.705749968687694
5.154600048065186,0.19566360116004944,0.15229166547457376,0.5103333306809267,1.5,77049271596.01923,71629882.1731,103.32078704833984,0.0,16.37316017150879,33.26151962280274,9.681683222452799,17.898099899291992,0.0000,975000.0,48.66669845581055,1.7277916570504506,1.7261666655540466
3.625800037384033,0.09692900031805038,0.35587499973674613,0.8998333290219307,6.800000190734863,7687138481.386666,12391802.9200,,,,,95.80000305175781,0.800000011920929,24.6291,61000.0,41.02000045776367,19.1270385155311,12.155346136826735
4.58439998626709,0.21843000054359435,0.7192083224654198,0.33208333266278106,5.400000095367432,8983579423.673077,9890682.2115,76.89569956461588,0.0,,,75.65039825439453,1.2007999420166016,24.6026,163000.0,9.399999618530273,9.198624988396963,9.75691662232081
4.006599998474121,0.16940859854221343,0.38066666821638745,0.7917916675408682,7.5,11047986323.807692,10552892.2308,26.501292928059897,11.656060028076173,,,82.93023173014323,1.1622256934642792,25.8609,1363000.0,74.0999984741211,5.753541628519694,5.548249979813893
