"id_bonheur","id_pays","annee","rang_bonheur","score_bonheur","generosite"
"1","214","2015","1","7.587","0.29678"
"2","100","2015","2","7.561","0.4363"
"3","59","2015","3","7.527","0.34139"
"4","164","2015","4","7.522","0.34699"
"5","38","2015","5","7.427","0.45811"
"6","73","2015","6","7.406","0.23351"
"7","155","2015","7","7.378","0.4761"
"8","213","2015","8","7.364","0.36262"
"9","157","2015","9","7.286","0.47501"
"10","12","2015","10","7.284","0.43562"
"11","107","2015","11","7.278","0.33172"
"12","52","2015","12","7.226","0.25497"
"13","13","2015","13","7.2","0.33088"
"14","142","2015","14","7.187","0.14074"
"15","234","2015","15","7.119","0.40105"
"16","30","2015","16","6.983","0.14574"
"17","128","2015","17","6.946","0.28034"
"18","105","2015","18","6.94","0.45901"
"19","20","2015","19","6.937","0.2225"
"20","232","2015","20","6.901","0.26428"
"21","233","2015","21","6.867","0.51912"
"22","165","2015","22","6.853","0.21542"
"23","239","2015","23","6.81","0.05841"
"24","198","2015","24","6.798","0.31105"
"25","169","2015","25","6.786","0.24434"
"26","81","2015","26","6.75","0.28214"
"27","43","2015","27","6.67","0.33363"
"28","178","2015","28","6.611","0.32573"
"29","74","2015","29","6.575","0.12332"
"30","9","2015","30","6.574","0.11451"
"31","57","2015","31","6.505","0.10686"
"32","236","2015","32","6.485","0.2324"
"33","47","2015","33","6.477","0.18401"
"34","219","2015","34","6.455","0.5763"
"35","193","2015","35","6.411","0.13706"
"36","207","2015","36","6.329","0.18227"
"37","136","2015","37","6.302","0.51752"
"38","216","2015","38","6.298","0.25376"
"39","118","2015","39","6.295","0.16228"
"40","210","2015","40","6.269","0.16991"
"41","224","2015","41","6.168","0.31844"
"42","65","2015","42","6.13","0.10692"
"43","89","2015","43","6.123","0.27489"
"44","237","2015","44","6.003","0.22837"
"45","200","2015","45","5.995","0.16893"
"46","110","2015","46","5.987","0.10705"
"47","117","2015","47","5.984","0.18557"
"48","63","2015","48","5.975","0.11541"
"49","16","2015","49","5.96","0.17362"
"50","108","2015","50","5.948","0.22823"
"51","25","2015","51","5.89","0.20536"
"52","144","2015","52","5.889","0.20951"
"53","171","2015","53","5.878","0.3424"
"54","113","2015","54","5.855","0.11827"
"55","201","2015","55","5.848","0.25328"
"56","127","2015","56","5.833","0.02641"
"57","158","2015","57","5.828","0.27815"
"58","172","2015","58","5.824","0.14982"
"59","19","2015","59","5.813","0.11046"
"60","175","2015","60","5.791","0.16759"
"61","133","2015","61","5.77","0.33075"
"62","53","2015","62","5.759","0.05444"
"63","125","2015","63","5.754","0.18295"
"64","180","2015","64","5.716","0.00199"
"65","109","2015","65","5.709","0.2123"
"66","56","2015","66","5.695","0.26169"
"67","56","2015","67","5.689","0.30638"
"68","2","2015","68","5.605","0.07822"
"70","227","2015","70","5.548","0.16979"
"71","140","2015","71","5.477","0.37744"
"72","98","2015","72","5.474","0.39478"
"73","68","2015","73","5.429","0.0868"
"74","102","2015","74","5.399","0.51535"
"75","240","2015","75","5.36","0.1686"
"76","226","2015","76","5.332","0.12253"
"77","119","2015","77","5.286","0.3003"
"78","160","2015","78","5.268","0.27233"
"79","24","2015","79","5.253","0.47998"
"80","14","2015","80","5.212","0.07799"
"81","166","2015","81","5.194","0.33671"
"82","112","2015","82","5.192","0.11053"
"83","147","2015","82","5.192","0.1614"
"84","44","2015","84","5.14","0.08185"
"85","246","2015","85","5.129","0.19591"
"86","179","2015","86","5.124","0.13748"
"87","195","2015","87","5.123","0.19231"
"88","176","2015","88","5.102","0.13719"
"89","121","2015","89","5.098","0.18226"
"90","173","2015","90","5.073","0.24991"
"91","203","2015","91","5.057","0.50318"
"92","149","2015","92","5.013","0.07172"
"93","130","2015","93","5.007","0.22359"
"94","150","2015","94","4.971","0.22269"
"95","1","2015","95","4.959","0.14272"
"96","27","2015","96","4.949","0.24808"
"97","123","2015","97","4.898","0.16388"
"98","62","2015","98","4.885","0.21684"
"99","120","2015","99","4.876","0.42192"
"100","146","2015","100","4.874","0.3323"
"101","212","2015","101","4.867","0.18259"
"102","84","2015","102","4.857","0"
"103","122","2015","103","4.839","0.21854"
"104","99","2015","104","4.8","0.128"
"105","97","2015","105","4.788","0.23027"
"106","217","2015","106","4.786","0.22974"
"107","225","2015","107","4.739","0.06431"
"108","168","2015","108","4.715","0.11251"
"109","17","2015","109","4.694","0.21222"
"110","103","2015","110","4.686","0.38086"
"111","231","2015","111","4.681","0.15275"
"112","104","2015","112","4.677","0.17922"
"113","204","2015","113","4.642","0.11973"
"114","82","2015","114","4.633","0.23087"
"115","247","2015","115","4.61","0.18987"
"116","124","2015","116","4.571","0.24362"
"117","101","2015","117","4.565","0.26475"
"118","209","2015","118","4.55","0.19062"
"119","94","2015","119","4.518","0.46187"
"121","154","2015","121","4.514","0.32296"
"122","69","2015","122","4.512","0.24325"
"123","197","2015","123","4.507","0.21488"
"124","139","2015","124","4.436","0.219"
"125","114","2015","125","4.419","0.37542"
"126","60","2015","126","4.369","0.18093"
"127","10","2015","127","4.35","0.07855"
"128","28","2015","128","4.332","0.10461"
"129","151","2015","129","4.307","0.79588"
"130","80","2015","130","4.297","0.05547"
"131","132","2015","131","4.292","0.33128"
"132","208","2015","132","4.271","0.40828"
"133","37","2015","133","4.252","0.20618"
"134","33","2015","134","4.218","0.11921"
"135","64","2015","135","4.194","0.11291"
"136","245","2015","136","4.077","0.09131"
"137","5","2015","137","4.033","0.12344"
"138","135","2015","138","3.995","0.18798"
"139","49","2015","139","3.989","0.12388"
"140","48","2015","140","3.956","0.17441"
"141","230","2015","141","3.931","0.29066"
"142","194","2015","142","3.904","0.20843"
"143","78","2015","143","3.896","0.06822"
"144","159","2015","144","3.845","0.19387"
"145","36","2015","145","3.819","0.40359"
"146","218","2015","146","3.781","0.34377"
"147","131","2015","147","3.681","0.21333"
"148","41","2015","148","3.678","0.23835"
"149","42","2015","149","3.667","0.18386"
"150","91","2015","150","3.656","0.28657"
"151","58","2015","151","3.655","0.20165"
"152","34","2015","152","3.587","0.21747"
"153","0","2015","153","3.575","0.3651"
"154","181","2015","154","3.465","0.22628"
"155","22","2015","155","3.34","0.1826"
"156","215","2015","156","3.006","0.47179"
"157","35","2015","157","2.905","0.19727"
"158","221","2015","158","2.839","0.16681"
"159","59","2016","1","7.526","0.36171"
"160","214","2016","2","7.509","0.28083"
"161","100","2016","3","7.501","0.47678"
"162","164","2016","4","7.498","0.37895"
"163","73","2016","5","7.413","0.25492"
"164","38","2016","6","7.404","0.44834"
"165","155","2016","7","7.339","0.47416"
"166","157","2016","8","7.334","0.49401"
"167","12","2016","9","7.313","0.47407"
"168","213","2016","10","7.291","0.38254"
"169","107","2016","11","7.267","0.32288"
"170","13","2016","12","7.119","0.32865"
"171","234","2016","13","7.104","0.41077"
"172","52","2016","14","7.087","0.22553"
"173","177","2016","15","7.039","0.22202"
"174","81","2016","16","6.994","0.30452"
"175","30","2016","17","6.952","0.15776"
"176","20","2016","18","6.929","0.2424"
"177","105","2016","19","6.907","0.44963"
"178","128","2016","20","6.871","0.27571"
"179","142","2016","21","6.778","0.11735"
"180","198","2016","22","6.739","0.32706"
"181","233","2016","23","6.725","0.50156"
"182","43","2016","24","6.705","0.31595"
"183","169","2016","25","6.701","0.2418"
"184","9","2016","26","6.65","0.10989"
"185","57","2016","27","6.596","0.09929"
"186","232","2016","28","6.573","0.26591"
"187","236","2016","29","6.545","0.18056"
"188","136","2016","30","6.488","0.56237"
"189","47","2016","31","6.481","0.15626"
"190","74","2016","32","6.478","0.1216"
"191","219","2016","33","6.474","0.58696"
"192","193","2016","34","6.379","0.15457"
"193","216","2016","34","6.379","0.25495"
"194","178","2016","36","6.375","0.32388"
"195","207","2016","37","6.361","0.17665"
"196","2","2016","38","6.355","0.07044"
"197","89","2016","39","6.324","0.28808"
"198","210","2016","40","6.269","0.16665"
"199","118","2016","41","6.239","0.15965"
"200","16","2016","42","6.218","0.17147"
"201","224","2016","43","6.168","0.31935"
"202","239","2016","44","6.084","0.0425"
"203","200","2016","45","6.078","0.13837"
"204","65","2016","46","6.068","0.08877"
"205","133","2016","47","6.005","0.41474"
"206","158","2016","48","5.992","0.29773"
"207","237","2016","49","5.987","0.34326"
"208","108","2016","50","5.977","0.16684"
"209","63","2016","51","5.976","0.10074"
"210","21","2016","52","5.956","0.23684"
"211","110","2016","53","5.921","0.10224"
"212","113","2016","54","5.919","0.15011"
"213","144","2016","55","5.897","0.19997"
"214","180","2016","56","5.856","0.02736"
"215","175","2016","57","5.835","0.14443"
"216","117","2016","57","5.835","0.18824"
"217","25","2016","59","5.822","0.21698"
"218","127","2016","60","5.813","0.02025"
"219","19","2016","61","5.802","0.13942"
"220","56","2016","62","5.771","0.26322"
"221","201","2016","63","5.768","0.25738"
"222","172","2016","64","5.743","0.14527"
"223","227","2016","65","5.658","0.22567"
"224","140","2016","66","5.648","0.36951"
"225","125","2016","67","5.615","0.17087"
"226","121","2016","68","5.56","0.17445"
"227","56","2016","69","5.546","0.27906"
"228","171","2016","70","5.538","0.25296"
"229","179","2016","71","5.528","0.12889"
"230","68","2016","72","5.517","0.08423"
"231","109","2016","73","5.51","0.22245"
"232","53","2016","74","5.488","0.18434"
"233","98","2016","75","5.458","0.40097"
"234","203","2016","76","5.44","0.27225"
"236","226","2016","78","5.389","0.04707"
"237","102","2016","79","5.314","0.56521"
"238","112","2016","80","5.303","0.14262"
"239","14","2016","81","5.291","0.0564"
"240","173","2016","82","5.279","0.21674"
"241","44","2016","83","5.245","0.04959"
"242","24","2016","84","5.196","0.48546"
"243","119","2016","85","5.185","0.38432"
"244","195","2016","86","5.177","0.20737"
"245","27","2016","87","5.163","0.29889"
"246","147","2016","88","5.161","0.17191"
"247","62","2016","89","5.155","0.21286"
"248","149","2016","90","5.151","0.04053"
"249","99","2016","91","5.145","0.099"
"250","166","2016","92","5.132","0.31185"
"251","122","2016","93","5.129","0.23693"
"252","176","2016","94","5.123","0.11691"
"253","130","2016","95","5.121","0.23507"
"254","240","2016","96","5.061","0.25075"
"255","203","2016","97","5.057","0.51479"
"256","225","2016","98","5.045","0.03936"
"257","84","2016","99","5.033","0"
"258","217","2016","100","4.996","0.25998"
"259","146","2016","101","4.907","0.34539"
"260","120","2016","102","4.876","0.43079"
"261","160","2016","103","4.875","0.23219"
"262","97","2016","104","4.871","0.2044"
"263","103","2016","105","4.813","0.38538"
"264","246","2016","106","4.795","0.17866"
"265","154","2016","107","4.793","0.3816"
"266","168","2016","108","4.754","0.11154"
"267","1","2016","109","4.655","0.1684"
"268","17","2016","110","4.643","0.19132"
"269","197","2016","111","4.635","0.23897"
"270","104","2016","112","4.575","0.19589"
"271","152","2016","113","4.574","0.07795"
"272","37","2016","114","4.513","0.2268"
"273","69","2016","115","4.508","0.29522"
"274","204","2016","116","4.459","0.13656"
"275","208","2016","117","4.415","0.46978"
"276","101","2016","118","4.404","0.25028"
"277","151","2016","119","4.395","0.81971"
"278","64","2016","120","4.362","0.12706"
"279","10","2016","121","4.36","0.07793"
"280","114","2016","122","4.356","0.41328"
"281","231","2016","123","4.324","0.20363"
"282","82","2016","124","4.276","0.21203"
"284","80","2016","126","4.252","0.06786"
"285","49","2016","127","4.236","0.12077"
"286","194","2016","128","4.219","0.19103"
"287","33","2016","129","4.217","0.12793"
"288","139","2016","130","4.201","0.22686"
"289","247","2016","131","4.193","0.18503"
"290","132","2016","132","4.156","0.30968"
"291","209","2016","133","4.139","0.18077"
"292","78","2016","134","4.121","0.06244"
"293","135","2016","135","4.073","0.21064"
"294","94","2016","136","4.028","0.47958"
"295","28","2016","137","3.974","0.12425"
"296","48","2016","138","3.956","0.1827"
"297","58","2016","139","3.916","0.20338"
"298","36","2016","140","3.907","0.40339"
"299","5","2016","141","3.866","0.12071"
"300","159","2016","142","3.856","0.2097"
"301","206","2016","143","3.832","0.25899"
"302","42","2016","144","3.763","0.18667"
"303","34","2016","145","3.739","0.24353"
"304","230","2016","145","3.739","0.27102"
"305","245","2016","147","3.724","0.09821"
"306","131","2016","148","3.695","0.2204"
"307","218","2016","149","3.666","0.31472"
"308","124","2016","150","3.622","0.24063"
"309","91","2016","151","3.607","0.29914"
"310","181","2016","152","3.515","0.23552"
"311","22","2016","153","3.484","0.2018"
"312","0","2016","154","3.36","0.31268"
"313","221","2016","155","3.303","0.17517"
"314","215","2016","156","3.069","0.48397"
"315","35","2016","157","2.905","0.2029"
"316","164","2017","1","7.537","0.362012"
"317","59","2017","2","7.522","0.35528"
"318","100","2017","3","7.504","0.47554"
"319","214","2017","4","7.494","0.290549"
"320","73","2017","5","7.469","0.245483"
"321","155","2017","6","7.377","0.47049"
"322","38","2017","7","7.316","0.43554"
"323","157","2017","8","7.314","0.500005"
"324","213","2017","9","7.284","0.385399"
"325","12","2017","10","7.284","0.477699"
"326","107","2017","11","7.213","0.330083"
"327","52","2017","12","7.079","0.214613"
"328","13","2017","13","7.006","0.316472"
"329","234","2017","14","6.993","0.392579"
"330","105","2017","15","6.977","0.427858"
"331","81","2017","16","6.951","0.336269"
"332","20","2017","17","6.891","0.231503"
"333","128","2017","18","6.863","0.283181"
"334","233","2017","19","6.714","0.492774"
"335","43","2017","20","6.652","0.326662"
"336","232","2017","21","6.648","0.360942"
"337","30","2017","22","6.635","0.16235"
"338","57","2017","23","6.609","0.0881068"
"339","9","2017","24","6.599","0.109457"
"340","142","2017","25","6.578","0.12099"
"341","198","2017","26","6.572","0.345966"
"342","136","2017","27","6.527","0.574731"
"343","236","2017","28","6.454","0.175097"
"344","89","2017","29","6.454","0.283488"
"345","169","2017","30","6.452","0.210557"
"346","74","2017","31","6.442","0.129762"
"347","219","2017","32","6.424","0.572123"
"348","216","2017","33","6.422","0.25836"
"349","207","2017","34","6.403","0.190134"
"350","178","2017","35","6.375","0.330474"
"351","47","2017","36","6.357","0.149014"
"352","193","2017","37","6.344","0.147616"
"353","224","2017","38","6.168","0.325296"
"354","118","2017","39","6.105","0.22829"
"355","200","2017","40","6.098","0.136544"
"356","16","2017","41","6.087","0.172668"
"357","133","2017","42","6.084","0.416609"
"358","158","2017","43","6.071","0.301674"
"359","63","2017","44","6.008","0.150112"
"360","65","2017","45","6.003","0.078258"
"361","175","2017","46","5.973","0.158466"
"362","237","2017","47","5.971","0.415984"
"363","108","2017","48","5.964","0.17279"
"364","180","2017","49","5.963","0.0522638"
"365","21","2017","50","5.956","0.240016"
"366","110","2017","51","5.92","0.120573"
"367","127","2017","52","5.902","0.0101647"
"368","2","2017","53","5.872","0.0694366"
"369","121","2017","54","5.85","0.153075"
"370","117","2017","55","5.838","0.206674"
"371","144","2017","56","5.838","0.208779"
"372","179","2017","57","5.825","0.13352"
"373","25","2017","58","5.823","0.225561"
"374","227","2017","59","5.822","0.249925"
"375","113","2017","60","5.819","0.201964"
"376","56","2017","61","5.81","0.266846"
"377","201","2017","62","5.758","0.242649"
"378","172","2017","63","5.715","0.12682"
"379","140","2017","64","5.629","0.360934"
"380","56","2017","65","5.621","0.271254"
"381","68","2017","66","5.611","0.0988908"
"382","19","2017","67","5.569","0.155138"
"383","125","2017","68","5.525","0.152074"
"384","226","2017","69","5.5","0.046693"
"385","171","2017","70","5.493","0.224151"
"386","98","2017","71","5.472","0.374466"
"387","173","2017","72","5.43","0.193513"
"388","195","2017","73","5.395","0.220126"
"389","112","2017","74","5.336","0.17217"
"390","99","2017","75","5.324","0.0784017"
"391","109","2017","76","5.311","0.233818"
"392","53","2017","77","5.293","0.248003"
"394","44","2017","79","5.273","0.0288068"
"395","166","2017","80","5.269","0.315446"
"396","102","2017","81","5.262","0.611705"
"397","239","2017","82","5.25","0.0650196"
"398","147","2017","83","5.237","0.197911"
"399","149","2017","84","5.235","0.03221"
"400","14","2017","85","5.234","0.0452693"
"401","62","2017","86","5.23","0.186968"
"402","84","2017","87","5.227","0"
"403","122","2017","88","5.225","0.264451"
"404","176","2017","89","5.195","0.0951027"
"405","27","2017","90","5.182","0.328867"
"406","97","2017","91","5.181","0.236189"
"407","130","2017","92","5.175","0.253761"
"408","203","2017","93","5.151","0.291631"
"409","240","2017","94","5.074","0.234968"
"410","160","2017","95","5.074","0.230947"
"411","217","2017","96","5.041","0.248998"
"412","24","2017","97","5.011","0.474055"
"413","119","2017","98","5.004","0.42858"
"414","154","2017","99","4.962","0.394096"
"415","146","2017","100","4.955","0.338464"
"416","204","2017","101","4.829","0.139362"
"417","225","2017","102","4.805","0.0496934"
"418","168","2017","103","4.775","0.114173"
"419","64","2017","104","4.735","0.128631"
"420","33","2017","105","4.714","0.113178"
"421","197","2017","106","4.709","0.293041"
"422","37","2017","107","4.695","0.236298"
"423","103","2017","108","4.692","0.387243"
"424","1","2017","109","4.644","0.201313"
"425","17","2017","110","4.608","0.172255"
"426","152","2017","111","4.574","0.0771337"
"427","114","2017","112","4.553","0.44486"
"428","150","2017","113","4.55","0.322228"
"429","151","2017","114","4.545","0.838075"
"430","194","2017","115","4.535","0.183469"
"431","246","2017","116","4.514","0.24958"
"432","104","2017","117","4.497","0.199637"
"433","78","2017","118","4.465","0.0437854"
"434","69","2017","119","4.46","0.312651"
"435","208","2017","120","4.44","0.490864"
"436","10","2017","121","4.376","0.0834881"
"437","101","2017","122","4.315","0.231538"
"438","139","2017","123","4.292","0.20187"
"439","49","2017","124","4.291","0.120852"
"440","80","2017","125","4.286","0.0540088"
"442","135","2017","127","4.19","0.183354"
"443","58","2017","128","4.18","0.201237"
"444","36","2017","129","4.168","0.385923"
"445","209","2017","130","4.139","0.182317"
"446","82","2017","131","4.12","0.256924"
"447","231","2017","132","4.096","0.270061"
"448","230","2017","133","4.081","0.325766"
"449","34","2017","134","4.032","0.250865"
"450","159","2017","135","4.028","0.228674"
"451","132","2017","136","3.97","0.28717"
"452","42","2017","137","3.936","0.216114"
"453","247","2017","138","3.875","0.189143"
"454","123","2017","139","3.808","0.157497"
"455","5","2017","140","3.795","0.0979265"
"456","0","2017","141","3.794","0.311871"
"457","28","2017","142","3.766","0.0993484"
"458","22","2017","143","3.657","0.207948"
"459","131","2017","144","3.644","0.208733"
"460","94","2017","145","3.603","0.489204"
"461","245","2017","146","3.593","0.104125"
"462","206","2017","147","3.591","0.285671"
"463","124","2017","148","3.533","0.26655"
"464","91","2017","149","3.507","0.264815"
"465","221","2017","150","3.495","0.196896"
"466","181","2017","151","3.471","0.252756"
"467","215","2017","152","3.462","0.493664"
"468","218","2017","153","3.349","0.354256"
"469","35","2017","154","2.905","0.204435"
"470","41","2017","155","2.693","0.280876"
"471","73","2018","1","7.632","0.202"
"472","164","2018","2","7.594","0.286"
"473","59","2018","3","7.555","0.284"
"474","100","2018","4","7.495","0.353"
"475","214","2018","5","7.487","0.256"
"476","155","2018","6","7.441","0.333"
"477","38","2018","7","7.328","0.321"
"478","157","2018","8","7.324","0.365"
"479","213","2018","9","7.314","0.285"
"480","12","2018","10","7.272","0.361"
"481","233","2018","11","7.19","0.262"
"482","13","2018","12","7.139","0.242"
"483","52","2018","13","7.072","0.143"
"484","105","2018","14","6.977","0.307"
"485","81","2018","15","6.965","0.273"
"486","20","2018","16","6.927","0.188"
"487","128","2018","17","6.91","0.196"
"488","234","2018","18","6.886","0.291"
"489","107","2018","19","6.814","0.354"
"490","232","2018","20","6.774","0.186"
"491","57","2018","21","6.711","0.064"
"492","136","2018","22","6.627","0.376"
"493","74","2018","23","6.489","0.098"
"494","142","2018","24","6.488","0.069"
"495","43","2018","25","6.476","0.197"
"496","216","2018","26","6.441","0.151"
"497","169","2018","27","6.43","0.125"
"498","30","2018","28","6.419","0.11"
"499","9","2018","29","6.388","0.062"
"500","89","2018","30","6.382","0.179"
"501","236","2018","31","6.379","0.13"
"502","178","2018","32","6.374","0.256"
"503","193","2018","33","6.371","0.098"
"504","198","2018","34","6.343","0.261"
"505","133","2018","35","6.322","0.311"
"506","207","2018","36","6.31","0.142"
"507","47","2018","37","6.26","0.099"
"508","224","2018","38","6.192","0.171"
"509","200","2018","39","6.173","0.118"
"510","65","2018","40","6.167","0.065"
"511","158","2018","41","6.141","0.208"
"512","175","2018","42","6.123","0.108"
"513","16","2018","43","6.105","0.243"
"514","237","2018","44","6.096","0.328"
"515","118","2018","45","6.083","0.167"
"516","219","2018","46","6.072","0.364"
"517","108","2018","47","6","0.137"
"518","63","2018","48","5.973","0.114"
"519","21","2018","49","5.956","0.183"
"520","127","2018","50","5.952","0.026"
"521","201","2018","51","5.948","0.16"
"522","179","2018","52","5.945","0.088"
"523","121","2018","53","5.933","0.092"
"524","110","2018","54","5.915","0.079"
"525","140","2018","55","5.891","0.245"
"526","109","2018","56","5.89","0.096"
"527","117","2018","57","5.875","0.175"
"528","56","2018","58","5.835","0.179"
"529","180","2018","59","5.81","0.065"
"530","113","2018","60","5.79","0.148"
"531","56","2018","61","5.762","0.202"
"532","25","2018","62","5.752","0.141"
"533","68","2018","63","5.739","0.086"
"534","171","2018","64","5.681","0.162"
"535","172","2018","65","5.663","0.092"
"537","144","2018","67","5.64","0.171"
"538","227","2018","68","5.636","0.199"
"539","99","2018","69","5.62","0.061"
"540","125","2018","70","5.566","0.116"
"541","173","2018","71","5.524","0.12"
"542","97","2018","72","5.504","0.197"
"543","19","2018","73","5.483","0.101"
"544","226","2018","74","5.483","0.106"
"545","166","2018","75","5.472","0.216"
"546","98","2018","76","5.43","0.246"
"547","176","2018","77","5.41","0.055"
"548","195","2018","78","5.398","0.134"
"549","84","2018","79","5.358","0"
"550","122","2018","80","5.358","0.214"
"551","147","2018","81","5.347","0.111"
"552","53","2018","82","5.321","0.12"
"553","62","2018","83","5.302","0.12"
"554","2","2018","84","5.295","0.055"
"555","149","2018","85","5.254","0.026"
"556","44","2018","86","5.246","0.029"
"557","14","2018","87","5.201","0.031"
"558","217","2018","88","5.199","0.187"
"559","130","2018","89","5.185","0.173"
"560","112","2018","90","5.161","0.13"
"561","160","2018","91","5.155","0.201"
"562","119","2018","92","5.131","0.281"
"563","27","2018","93","5.129","0.216"
"564","146","2018","94","5.125","0.253"
"565","240","2018","95","5.103","0.177"
"566","102","2018","96","5.093","0.484"
"567","24","2018","97","5.082","0.364"
"568","203","2018","98","4.982","0.238"
"569","37","2018","99","4.975","0.183"
"570","33","2018","100","4.933","0.064"
"571","154","2018","101","4.88","0.302"
"572","239","2018","102","4.806","0.056"
"573","78","2018","103","4.758","0.032"
"574","168","2018","104","4.743","0.086"
"575","204","2018","105","4.724","0.103"
"576","103","2018","106","4.707","0.282"
"577","58","2018","107","4.671","0.146"
"578","82","2018","108","4.657","0.212"
"579","194","2018","109","4.631","0.138"
"580","120","2018","110","4.623","0.23"
"581","225","2018","111","4.592","0.04"
"582","1","2018","112","4.586","0.149"
"583","197","2018","113","4.571","0.238"
"584","49","2018","114","4.559","0.091"
"585","17","2018","115","4.5","0.153"
"586","208","2018","116","4.471","0.307"
"587","104","2018","117","4.456","0.148"
"588","135","2018","118","4.447","0.139"
"589","152","2018","119","4.441","0.051"
"590","36","2018","120","4.433","0.256"
"591","34","2018","121","4.424","0.175"
"592","64","2018","122","4.419","0.092"
"593","150","2018","123","4.417","0.206"
"594","114","2018","124","4.41","0.352"
"595","246","2018","125","4.377","0.221"
"596","139","2018","126","4.356","0.134"
"597","69","2018","127","4.35","0.22"
"598","80","2018","128","4.34","0.038"
"599","10","2018","129","4.321","0.077"
"600","151","2018","130","4.308","0.598"
"601","42","2018","131","4.301","0.181"
"603","101","2018","133","4.19","0.172"
"604","159","2018","134","4.166","0.175"
"605","230","2018","135","4.161","0.259"
"606","22","2018","136","4.141","0.163"
"607","209","2018","137","4.139","0.134"
"608","231","2018","138","4.103","0.187"
"609","221","2018","139","3.999","0.158"
"610","91","2018","140","3.964","0.185"
"611","123","2018","141","3.808","0.116"
"612","5","2018","142","3.795","0.079"
"613","131","2018","143","3.774","0.155"
"614","247","2018","144","3.692","0.132"
"615","0","2018","145","3.632","0.191"
"616","28","2018","146","3.59","0.042"
"617","132","2018","147","3.587","0.21"
"618","94","2018","148","3.582","0.392"
"619","124","2018","149","3.495","0.206"
"620","215","2018","150","3.462","0.376"
"621","181","2018","151","3.408","0.2"
"622","245","2018","152","3.355","0.083"
"623","218","2018","153","3.303","0.27"
"624","206","2018","154","3.254","0.224"
"625","41","2018","155","3.083","0.218"
"626","35","2018","156","2.905","0.149"
"627","73","2019","1","7.769","0.153"
"628","59","2019","2","7.6","0.252"
"629","164","2019","3","7.554","0.271"
"630","100","2019","4","7.494","0.354"
"631","155","2019","5","7.488","0.322"
"632","214","2019","6","7.48","0.263"
"633","213","2019","7","7.343","0.267"
"634","157","2019","8","7.307","0.33"
"635","38","2019","9","7.278","0.285"
"636","13","2019","10","7.246","0.244"
"637","12","2019","11","7.228","0.332"
"638","52","2019","12","7.167","0.144"
"639","107","2019","13","7.139","0.261"
"640","128","2019","14","7.09","0.194"
"641","233","2019","15","7.054","0.348"
"642","105","2019","16","7.021","0.298"
"643","81","2019","17","6.985","0.261"
"644","20","2019","18","6.923","0.16"
"645","234","2019","19","6.892","0.28"
"646","57","2019","20","6.852","0.046"
"647","232","2019","21","6.825","0.262"
"648","136","2019","22","6.726","0.375"
"649","142","2019","23","6.595","0.074"
"650","74","2019","24","6.592","0.111"
"651","216","2019","25","6.446","0.242"
"652","43","2019","26","6.444","0.187"
"653","89","2019","27","6.436","0.175"
"654","193","2019","28","6.375","0.08"
"655","178","2019","29","6.374","0.22"
"656","207","2019","30","6.354","0.153"
"657","169","2019","31","6.321","0.109"
"658","30","2019","32","6.3","0.099"
"659","236","2019","33","6.293","0.127"
"660","198","2019","34","6.262","0.271"
"661","65","2019","35","6.253","0.093"
"662","108","2019","36","6.223","0.158"
"663","16","2019","37","6.199","0.255"
"664","200","2019","38","6.198","0.121"
"665","224","2019","39","6.192","0.185"
"666","175","2019","40","6.182","0.117"
"667","237","2019","41","6.174","0.322"
"668","127","2019","42","6.149","0.043"
"669","47","2019","43","6.125","0.099"
"670","201","2019","44","6.118","0.144"
"671","158","2019","45","6.105","0.2"
"673","9","2019","47","6.086","0.066"
"674","179","2019","48","6.07","0.083"
"675","56","2019","49","6.046","0.19"
"676","63","2019","50","6.028","0.126"
"677","118","2019","51","6.021","0.142"
"678","219","2019","52","6.008","0.359"
"679","121","2019","53","5.94","0.075"
"680","117","2019","54","5.895","0.175"
"681","68","2019","55","5.893","0.103"
"682","109","2019","56","5.89","0.107"
"683","140","2019","57","5.888","0.215"
"684","110","2019","58","5.886","0.069"
"685","97","2019","59","5.86","0.246"
"686","113","2019","60","5.809","0.146"
"687","25","2019","61","5.779","0.137"
"688","99","2019","62","5.758","0.081"
"689","171","2019","63","5.743","0.184"
"690","56","2019","64","5.718","0.191"
"691","172","2019","65","5.697","0.083"
"692","176","2019","66","5.693","0.047"
"693","166","2019","67","5.653","0.22"
"694","180","2019","68","5.648","0.082"
"695","173","2019","69","5.631","0.117"
"696","195","2019","70","5.603","0.137"
"697","144","2019","71","5.529","0.181"
"698","125","2019","72","5.525","0.133"
"699","147","2019","73","5.523","0.142"
"700","217","2019","74","5.467","0.23"
"701","53","2019","75","5.432","0.119"
"702","98","2019","76","5.43","0.258"
"703","62","2019","77","5.425","0.113"
"704","27","2019","78","5.386","0.263"
"705","226","2019","79","5.373","0.083"
"706","133","2019","80","5.339","0.26"
"707","19","2019","81","5.323","0.094"
"708","84","2019","82","5.287","0"
"709","146","2019","83","5.285","0.235"
"710","130","2019","84","5.274","0.185"
"711","160","2019","85","5.265","0.215"
"712","119","2019","86","5.261","0.3"
"713","227","2019","87","5.247","0.244"
"714","2","2019","88","5.211","0.073"
"715","149","2019","89","5.208","0.036"
"716","14","2019","90","5.208","0.035"
"717","122","2019","91","5.197","0.166"
"718","102","2019","92","5.192","0.498"
"719","44","2019","93","5.191","0.058"
"720","240","2019","94","5.175","0.147"
"721","24","2019","95","5.082","0.37"
"722","37","2019","96","5.044","0.187"
"723","33","2019","97","5.011","0.081"
"724","82","2019","98","4.996","0.245"
"725","58","2019","99","4.944","0.154"
"726","154","2019","100","4.913","0.285"
"727","112","2019","101","4.906","0.11"
"728","22","2019","102","4.883","0.175"
"729","49","2019","103","4.812","0.105"
"730","78","2019","104","4.799","0.043"
"731","120","2019","105","4.796","0.266"
"732","204","2019","106","4.722","0.13"
"733","1","2019","107","4.719","0.178"
"734","239","2019","108","4.707","0.064"
"735","36","2019","109","4.7","0.232"
"736","168","2019","110","4.696","0.103"
"737","194","2019","111","4.681","0.153"
"738","203","2019","112","4.668","0.243"
"739","152","2019","113","4.639","0.07"
"740","159","2019","114","4.628","0.188"
"741","34","2019","115","4.587","0.177"
"742","10","2019","116","4.559","0.095"
"743","103","2019","117","4.548","0.27"
"744","91","2019","118","4.534","0.207"
"745","80","2019","119","4.519","0.043"
"746","79","2019","120","4.516","0.269"
"747","114","2019","121","4.509","0.372"
"748","139","2019","122","4.49","0.106"
"749","150","2019","123","4.466","0.197"
"750","225","2019","124","4.461","0.059"
"751","17","2019","125","4.456","0.166"
"752","104","2019","126","4.437","0.148"
"754","135","2019","128","4.39","0.153"
"755","197","2019","129","4.374","0.252"
"756","208","2019","130","4.366","0.244"
"757","151","2019","131","4.36","0.566"
"758","42","2019","132","4.35","0.198"
"759","231","2019","133","4.332","0.187"
"760","69","2019","134","4.286","0.209"
"761","212","2019","135","4.212","0.074"
"762","230","2019","136","4.189","0.252"
"763","64","2019","137","4.166","0.076"
"764","246","2019","138","4.107","0.247"
"765","221","2019","139","4.085","0.177"
"766","101","2019","140","4.015","0.2"
"767","124","2019","141","3.975","0.233"
"768","48","2019","142","3.973","0.275"
"769","131","2019","143","3.933","0.169"
"770","123","2019","144","3.802","0.107"
"771","35","2019","145","3.775","0.176"
"772","247","2019","146","3.663","0.151"
"773","94","2019","147","3.597","0.419"
"774","28","2019","148","3.488","0.025"
"775","215","2019","149","3.462","0.331"
"776","132","2019","150","3.41","0.218"
"777","245","2019","151","3.38","0.108"
"778","181","2019","152","3.334","0.217"
"779","218","2019","153","3.231","0.276"
"780","0","2019","154","3.203","0.158"
"781","41","2019","155","3.083","0.235"
"782","206","2019","156","2.853","0.202"
