id_agro,Year,CleanFuelAndCookingEquipment,Cost of a healthy diet [CoHD],id_country
0,2002,7.7,,0.0
1,2002,41.4,,2.0
2,2002,97.4,,3.0
3,2002,,,4.0
4,2002,100,,5.0
5,2002,41.5,,6.0
6,2002,100,,9.0
7,2002,96.6,,10.0
8,2002,84.5,,11.0
9,2002,,,12.0
10,2002,100,,13.0
11,2002,100,,14.0
12,2002,76.9,,15.0
13,2002,100,,16.0
14,2002,100,,17.0
15,2002,8.5,,18.0
16,2002,100,,19.0
17,2002,94.8,,20.0
18,2002,100,,21.0
19,2002,81.3,,22.0
20,2002,1.1,,23.0
21,2002,,,24.0
22,2002,34.3,,25.0
23,2002,65.2,,26.0
24,2002,51.65,,28.0
25,2002,47.9,,29.0
26,2002,90.2,,31.0
27,2002,,,242.0
28,2002,100,,33.0
29,2002,,,34.0
30,2002,3.1,,35.0
31,2002,0.3,,36.0
32,2002,63.4,,40.0
33,2002,4.6,,37.0
34,2002,11.7,,38.0
35,2002,100,,39.0
36,2002,,,41.0
37,2002,0.5,,42.0
38,2002,2.6,,43.0
39,2002,100,,44.0
40,2002,42.9,,45.0
41,2002,79.8,,48.0
42,2002,0.8,,49.0
43,2002,1.3,,51.0
44,2002,9.4,,50.0
45,2002,89.7,,53.0
46,2002,17,,54.0
47,2002,100,,55.0
48,2002,69.4,,56.0
49,2002,,,57.0
50,2002,100,,58.0
51,2002,100,,59.0
52,2002,100,,60.0
53,2002,4.1,,61.0
54,2002,81.9,,62.0
55,2002,85.6,,63.0
56,2002,90.5,,64.0
57,2002,89.4,,65.0
58,2002,62.4,,66.0
59,2002,19.9,,67.0
60,2002,4.3,,68.0
61,2002,100,,69.0
62,2002,27.2,,213.0
63,2002,0.9,,70.0
64,2002,,,72.0
65,2002,28.2,,73.0
66,2002,100,,74.0
67,2002,100,,75.0
68,2002,,,77.0
69,2002,67.6,,79.0
70,2002,3.6,,80.0
71,2002,48.8,,81.0
72,2002,100,,82.0
73,2002,7.5,,83.0
74,2002,,,84.0
75,2002,100,,85.0
76,2002,,,86.0
77,2002,92.9,,87.0
78,2002,,,89.0
79,2002,38.9,,90.0
80,2002,0.8,,92.0
81,2002,1.3,,93.0
82,2002,100,,94.0
83,2002,2.8,,95.0
84,2002,33.4,,98.0
85,2002,,,99.0
86,2002,100,,100.0
87,2002,100,,101.0
88,2002,25.1,,102.0
89,2002,8.8,,103.0
90,2002,92.5,,104.0
91,2002,74.4,,105.0
92,2002,100,,106.0
93,2002,,,107.0
94,2002,100,,108.0
95,2002,100,,109.0
96,2002,79.5,,110.0
97,2002,100,,111.0
98,2002,99.7,,113.0
99,2002,86.1,,114.0
100,2002,2.5,,115.0
101,2002,1,,116.0
102,2002,1.8,,117.0
103,2002,100,,118.0
105,2002,100,,119.0
106,2002,56.1,,120.0
107,2002,1.5,,121.0
108,2002,100,,122.0
109,2002,,,123.0
110,2002,19.2,,124.0
111,2002,0.5,,125.0
112,2002,,,126.0
113,2002,,,127.0
114,2002,100,,128.0
115,2002,100,,129.0
116,2002,,,130.0
117,2002,1.2,,132.0
118,2002,2.1,,133.0
119,2002,98.1,,134.0
120,2002,40.4,,135.0
121,2002,0.8,,136.0
122,2002,100,,137.0
123,2002,12.7,,138.0
124,2002,33,,140.0
125,2002,94.4,,141.0
126,2002,83.7,,143.0
127,2002,10.7,,144.0
128,2002,70.4,,145.0
129,2002,100,,146.0
130,2002,23.6,,147.0
131,2002,66.9,,148.0
132,2002,91.7,,150.0
133,2002,2.2,,151.0
134,2002,2.5,,152.0
135,2002,35.1,,153.0
136,2002,100,,154.0
137,2002,8.1,,155.0
138,2002,100,,156.0
139,2002,,,157.0
140,2002,100,,158.0
141,2002,36,,159.0
142,2002,0.9,,160.0
143,2002,0.9,,161.0
144,2002,57.7,,131.0
145,2002,,,164.0
146,2002,100,,165.0
147,2002,100,,166.0
148,2002,25.8,,167.0
149,2002,52.6,,168.0
150,2002,100,,170.0
151,2002,5.6,,171.0
152,2002,48.8,,172.0
153,2002,48.7,,173.0
154,2002,39.9,,174.0
155,2002,100,,176.0
156,2002,100,,177.0
157,2002,,,178.0
158,2002,100,,179.0
159,2002,100,,181.0
160,2002,99.9,,182.0
161,2002,0.1,,183.0
162,2002,19.4,,191.0
163,2002,100,,192.0
164,2002,0.4,,193.0
165,2002,100,,194.0
166,2002,37,,195.0
167,2002,59.7,,196.0
168,2002,100,,197.0
169,2002,0.1,,198.0
170,2002,100,,199.0
171,2002,,,200.0
172,2002,100,,201.0
173,2002,100,,202.0
174,2002,8.4,,203.0
175,2002,0.4,,204.0
176,2002,60,,205.0
177,2002,0.3,,207.0
178,2002,100,,208.0
179,2002,17.7,,209.0
180,2002,100,,186.0
181,2002,88.3,,187.0
182,2002,,,188.0
183,2002,95.9,,190.0
184,2002,10.7,,210.0
185,2002,78.4,,211.0
186,2002,100,,214.0
187,2002,100,,215.0
188,2002,98.7,,216.0
189,2002,44.1,,218.0
190,2002,0.7,,219.0
191,2002,63.8,,220.0
192,2002,1.2,,221.0
193,2002,0.5,,222.0
194,2002,38.8,,224.0
195,2002,100,,225.0
196,2002,94.2,,226.0
197,2002,91.2,,227.0
198,2002,99.5,,228.0
199,2002,,,229.0
200,2002,10.9,,230.0
201,2002,0.9,,231.0
202,2002,92,,232.0
203,2002,100,,233.0
204,2002,100,,234.0
205,2002,100,,235.0
206,2002,100,,237.0
207,2002,84.1,,238.0
208,2002,15.2,,239.0
209,2002,97,,240.0
210,2002,19.3,,241.0
211,2002,,,243.0
212,2002,,,169.0
213,2002,56.5,,246.0
214,2002,14.6,,247.0
215,2002,33.6,,248.0
216,2003,9,,0.0
217,2003,45.1,,2.0
218,2003,97.8,,3.0
219,2003,,,4.0
220,2003,100,,5.0
221,2003,42.1,,6.0
222,2003,100,,9.0
223,2003,97,,10.0
224,2003,87.2,,11.0
225,2003,,,12.0
226,2003,100,,13.0
227,2003,100,,14.0
228,2003,80,,15.0
229,2003,100,,16.0
230,2003,100,,17.0
231,2003,8.6,,18.0
232,2003,100,,19.0
233,2003,95.5,,20.0
234,2003,100,,21.0
235,2003,81.8,,22.0
236,2003,1.5,,23.0
237,2003,,,24.0
238,2003,38.2,,25.0
239,2003,66.4,,26.0
240,2003,51.3,,28.0
241,2003,49.3,,29.0
242,2003,90.7,,31.0
243,2003,,,242.0
244,2003,100,,33.0
245,2003,,,34.0
246,2003,3.4,,35.0
247,2003,0.3,,36.0
248,2003,63.7,,40.0
249,2003,5.2,,37.0
250,2003,12.8,,38.0
251,2003,100,,39.0
252,2003,,,41.0
253,2003,0.5,,42.0
254,2003,2.5,,43.0
255,2003,100,,44.0
256,2003,44.1,,45.0
257,2003,80.8,,48.0
258,2003,1,,49.0
259,2003,1.5,,51.0
260,2003,10,,50.0
261,2003,90,,53.0
262,2003,16.7,,54.0
263,2003,100,,55.0
264,2003,73,,56.0
265,2003,,,57.0
266,2003,100,,58.0
267,2003,100,,59.0
268,2003,100,,60.0
269,2003,4.3,,61.0
270,2003,82.9,,62.0
271,2003,86.1,,63.0
272,2003,91,,64.0
273,2003,92,,65.0
274,2003,64.4,,66.0
275,2003,20.1,,67.0
276,2003,4.8,,68.0
277,2003,100,,69.0
278,2003,28.6,,213.0
279,2003,1,,70.0
280,2003,,,72.0
281,2003,28.3,,73.0
282,2003,100,,74.0
283,2003,100,,75.0
284,2003,,,77.0
285,2003,69.4,,79.0
286,2003,3.5,,80.0
287,2003,50.3,,81.0
288,2003,100,,82.0
289,2003,8.2,,83.0
290,2003,,,84.0
291,2003,100,,85.0
292,2003,,,86.0
293,2003,93.1,,87.0
294,2003,,,89.0
295,2003,38.3,,90.0
296,2003,0.8,,92.0
297,2003,1.2,,93.0
298,2003,100,,94.0
299,2003,3,,95.0
300,2003,34.8,,98.0
301,2003,,,99.0
302,2003,100,,100.0
303,2003,100,,101.0
304,2003,26,,102.0
305,2003,10.4,,103.0
306,2003,93.7,,104.0
307,2003,78.6,,105.0
308,2003,100,,106.0
309,2003,,,107.0
310,2003,100,,108.0
311,2003,100,,109.0
312,2003,80.9,,110.0
313,2003,100,,111.0
314,2003,99.7,,113.0
315,2003,86.9,,114.0
316,2003,3,,115.0
317,2003,1.1,,116.0
318,2003,2.1,,117.0
319,2003,100,,118.0
321,2003,100,,119.0
322,2003,57.9,,120.0
323,2003,1.6,,121.0
324,2003,100,,122.0
325,2003,,,123.0
326,2003,20.85,,124.0
327,2003,0.5,,125.0
328,2003,,,126.0
329,2003,,,127.0
330,2003,100,,128.0
331,2003,100,,129.0
332,2003,,,130.0
333,2003,1.2,,132.0
334,2003,2.1,,133.0
335,2003,98.1,,134.0
336,2003,51.3,,135.0
337,2003,0.8,,136.0
338,2003,100,,137.0
339,2003,16.8,,138.0
340,2003,34.5,,140.0
341,2003,95,,141.0
342,2003,84.3,,143.0
343,2003,10.8,,144.0
344,2003,74.5,,145.0
345,2003,100,,146.0
346,2003,24.4,,147.0
347,2003,66.8,,148.0
348,2003,92.5,,150.0
349,2003,2.3,,151.0
350,2003,2.9,,152.0
351,2003,35.8,,153.0
352,2003,100,,154.0
353,2003,9.8,,155.0
354,2003,100,,156.0
355,2003,,,157.0
356,2003,100,,158.0
357,2003,36.9,,159.0
358,2003,0.9,,160.0
359,2003,0.9,,161.0
360,2003,59.2,,131.0
361,2003,,,164.0
362,2003,100,,165.0
363,2003,100,,166.0
364,2003,27.1,,167.0
365,2003,52.4,,168.0
366,2003,100,,170.0
367,2003,5.65,,171.0
368,2003,48.9,,172.0
369,2003,51.2,,173.0
370,2003,40,,174.0
371,2003,100,,176.0
372,2003,100,,177.0
373,2003,,,178.0
374,2003,100,,179.0
375,2003,100,,181.0
376,2003,99.9,,182.0
377,2003,0.1,,183.0
378,2003,20.2,,191.0
379,2003,100,,192.0
380,2003,0.4,,193.0
381,2003,100,,194.0
382,2003,38,,195.0
383,2003,60.6,,196.0
384,2003,100,,197.0
385,2003,0.2,,198.0
386,2003,100,,199.0
387,2003,,,200.0
388,2003,100,,201.0
389,2003,100,,202.0
390,2003,8.4,,203.0
391,2003,0.5,,204.0
392,2003,62.3,,205.0
393,2003,0.2,,207.0
394,2003,100,,208.0
395,2003,18.2,,209.0
396,2003,100,,186.0
397,2003,89.8,,187.0
398,2003,,,188.0
399,2003,95.9,,190.0
400,2003,12.6,,210.0
401,2003,79.5,,211.0
402,2003,100,,214.0
403,2003,100,,215.0
404,2003,98.8,,216.0
405,2003,48,,218.0
406,2003,0.7,,219.0
407,2003,64.9,,220.0
408,2003,1.5,,221.0
409,2003,0.7,,222.0
410,2003,41.6,,224.0
411,2003,100,,225.0
412,2003,95.6,,226.0
413,2003,91.7,,227.0
414,2003,99.6,,228.0
415,2003,,,229.0
416,2003,13,,230.0
417,2003,0.8,,231.0
418,2003,92.4,,232.0
419,2003,100,,233.0
420,2003,100,,234.0
421,2003,100,,235.0
422,2003,100,,237.0
423,2003,84.5,,238.0
424,2003,15.1,,239.0
425,2003,96.9,,240.0
426,2003,22.6,,241.0
427,2003,,,243.0
428,2003,,,169.0
429,2003,56.8,,246.0
430,2003,15,,247.0
431,2003,33,,248.0
432,2004,10.5,,0.0
433,2004,47.8,,2.0
434,2004,98.1,,3.0
435,2004,,,4.0
436,2004,100,,5.0
437,2004,41.8,,6.0
438,2004,100,,9.0
439,2004,97.5,,10.0
440,2004,89.7,,11.0
441,2004,,,12.0
442,2004,100,,13.0
443,2004,100,,14.0
444,2004,82.9,,15.0
445,2004,100,,16.0
446,2004,100,,17.0
447,2004,9,,18.0
448,2004,100,,19.0
449,2004,96.2,,20.0
450,2004,100,,21.0
451,2004,82.3,,22.0
452,2004,1.9,,23.0
453,2004,,,24.0
454,2004,42.6,,25.0
455,2004,67.4,,26.0
456,2004,50.2,,28.0
457,2004,51,,29.0
458,2004,91.3,,31.0
459,2004,,,242.0
460,2004,100,,33.0
461,2004,,,34.0
462,2004,3.6,,35.0
463,2004,0.3,,36.0
464,2004,64.3,,40.0
465,2004,6.1,,37.0
466,2004,13.8,,38.0
467,2004,100,,39.0
468,2004,,,41.0
469,2004,0.5,,42.0
470,2004,2.3,,43.0
471,2004,100,,44.0
472,2004,45.45,,45.0
473,2004,81.1,,48.0
474,2004,1.2,,49.0
475,2004,1.8,,51.0
476,2004,10.6,,50.0
477,2004,90.4,,53.0
478,2004,16.5,,54.0
479,2004,100,,55.0
480,2004,75.95,,56.0
481,2004,,,57.0
482,2004,100,,58.0
483,2004,100,,59.0
484,2004,100,,60.0
485,2004,4.5,,61.0
486,2004,83.9,,62.0
487,2004,86.3,,63.0
488,2004,91.8,,64.0
489,2004,94.2,,65.0
490,2004,66.15,,66.0
491,2004,20.3,,67.0
492,2004,5.4,,68.0
493,2004,100,,69.0
494,2004,29.6,,213.0
495,2004,1.1,,70.0
496,2004,,,72.0
497,2004,28.45,,73.0
498,2004,100,,74.0
499,2004,100,,75.0
500,2004,,,77.0
501,2004,71,,79.0
502,2004,3.5,,80.0
503,2004,52.1,,81.0
504,2004,100,,82.0
505,2004,8.9,,83.0
506,2004,,,84.0
507,2004,100,,85.0
508,2004,,,86.0
509,2004,93.2,,87.0
510,2004,,,89.0
511,2004,37.6,,90.0
512,2004,0.8,,92.0
513,2004,1.2,,93.0
514,2004,100,,94.0
515,2004,3.1,,95.0
516,2004,36.2,,98.0
517,2004,,,99.0
518,2004,100,,100.0
519,2004,100,,101.0
520,2004,27.3,,102.0
521,2004,12.5,,103.0
522,2004,94.3,,104.0
523,2004,82.5,,105.0
524,2004,100,,106.0
525,2004,,,107.0
526,2004,100,,108.0
527,2004,100,,109.0
528,2004,82.4,,110.0
529,2004,100,,111.0
530,2004,99.8,,113.0
531,2004,87.9,,114.0
532,2004,3.5,,115.0
533,2004,1.3,,116.0
534,2004,2.4,,117.0
535,2004,100,,118.0
537,2004,100,,119.0
538,2004,60.4,,120.0
539,2004,1.8,,121.0
540,2004,100,,122.0
541,2004,,,123.0
542,2004,22.4,,124.0
543,2004,0.5,,125.0
544,2004,,,126.0
545,2004,,,127.0
546,2004,100,,128.0
547,2004,100,,129.0
548,2004,,,130.0
549,2004,1.1,,132.0
550,2004,2.1,,133.0
551,2004,98.1,,134.0
552,2004,61.8,,135.0
553,2004,0.8,,136.0
554,2004,100,,137.0
555,2004,21.7,,138.0
556,2004,36,,140.0
557,2004,95.7,,141.0
558,2004,84.8,,143.0
559,2004,10.8,,144.0
560,2004,78.2,,145.0
561,2004,100,,146.0
562,2004,25,,147.0
563,2004,66.3,,148.0
564,2004,93.2,,150.0
565,2004,2.4,,151.0
566,2004,3.4,,152.0
567,2004,36.5,,153.0
568,2004,100,,154.0
569,2004,11.4,,155.0
570,2004,100,,156.0
571,2004,,,157.0
572,2004,100,,158.0
573,2004,38.1,,159.0
574,2004,0.9,,160.0
575,2004,1,,161.0
576,2004,60.1,,131.0
577,2004,,,164.0
578,2004,100,,165.0
579,2004,100,,166.0
580,2004,27.9,,167.0
581,2004,51.6,,168.0
582,2004,100,,170.0
583,2004,5.9,,171.0
584,2004,49,,172.0
585,2004,53.8,,173.0
586,2004,40.2,,174.0
587,2004,100,,176.0
588,2004,100,,177.0
589,2004,,,178.0
590,2004,100,,179.0
591,2004,100,,181.0
592,2004,99.9,,182.0
593,2004,0.1,,183.0
594,2004,21.1,,191.0
595,2004,100,,192.0
596,2004,0.5,,193.0
597,2004,100,,194.0
598,2004,38.4,,195.0
599,2004,61.6,,196.0
600,2004,100,,197.0
601,2004,0.2,,198.0
602,2004,100,,199.0
603,2004,,,200.0
604,2004,100,,201.0
605,2004,100,,202.0
606,2004,8.5,,203.0
607,2004,0.5,,204.0
608,2004,64.5,,205.0
609,2004,0.2,,207.0
610,2004,100,,208.0
611,2004,18.6,,209.0
612,2004,100,,186.0
613,2004,91.1,,187.0
614,2004,,,188.0
615,2004,95.8,,190.0
616,2004,15,,210.0
617,2004,81.1,,211.0
618,2004,100,,214.0
619,2004,100,,215.0
620,2004,98.9,,216.0
621,2004,52,,218.0
622,2004,0.8,,219.0
623,2004,65.9,,220.0
624,2004,1.7,,221.0
625,2004,0.9,,222.0
626,2004,44.6,,224.0
627,2004,100,,225.0
628,2004,96.6,,226.0
629,2004,92.3,,227.0
630,2004,99.7,,228.0
631,2004,,,229.0
632,2004,15.8,,230.0
633,2004,0.8,,231.0
634,2004,92.8,,232.0
635,2004,100,,233.0
636,2004,100,,234.0
637,2004,100,,235.0
638,2004,100,,237.0
639,2004,84.7,,238.0
640,2004,14.9,,239.0
641,2004,96.9,,240.0
642,2004,25.9,,241.0
643,2004,,,243.0
644,2004,,,169.0
645,2004,57.8,,246.0
646,2004,15.3,,247.0
647,2004,32.4,,248.0
648,2005,11.9,,0.0
649,2005,51.5,,2.0
650,2005,98.4,,3.0
651,2005,,,4.0
652,2005,100,,5.0
653,2005,42.7,,6.0
654,2005,100,,9.0
655,2005,97.7,,10.0
656,2005,91.4,,11.0
657,2005,,,12.0
658,2005,100,,13.0
659,2005,100,,14.0
660,2005,85.5,,15.0
661,2005,100,,16.0
662,2005,100,,17.0
663,2005,9.3,,18.0
664,2005,100,,19.0
665,2005,96.9,,20.0
666,2005,100,,21.0
667,2005,82.8,,22.0
668,2005,2.3,,23.0
669,2005,,,24.0
670,2005,47,,25.0
671,2005,68.8,,26.0
672,2005,49.1,,28.0
673,2005,52.1,,29.0
674,2005,91.6,,31.0
675,2005,,,242.0
676,2005,100,,33.0
677,2005,,,34.0
678,2005,3.9,,35.0
679,2005,0.3,,36.0
680,2005,64.6,,40.0
681,2005,6.8,,37.0
682,2005,14.8,,38.0
683,2005,100,,39.0
684,2005,,,41.0
685,2005,0.5,,42.0
686,2005,2.3,,43.0
687,2005,100,,44.0
688,2005,46.7,,45.0
689,2005,82,,48.0
690,2005,1.5,,49.0
691,2005,2.1,,51.0
692,2005,11.3,,50.0
693,2005,90.6,,53.0
694,2005,16.4,,54.0
695,2005,100,,55.0
696,2005,78.9,,56.0
697,2005,,,57.0
698,2005,100,,58.0
699,2005,100,,59.0
700,2005,100,,60.0
701,2005,4.7,,61.0
702,2005,84.5,,62.0
703,2005,86.55,,63.0
704,2005,92.3,,64.0
705,2005,95.8,,65.0
706,2005,67.8,,66.0
707,2005,20.9,,67.0
708,2005,5.8,,68.0
709,2005,100,,69.0
710,2005,31.2,,213.0
711,2005,1.1,,70.0
712,2005,,,72.0
713,2005,28.8,,73.0
714,2005,100,,74.0
715,2005,100,,75.0
716,2005,,,77.0
717,2005,72.9,,79.0
718,2005,3.4,,80.0
719,2005,53.7,,81.0
720,2005,100,,82.0
721,2005,9.8,,83.0
722,2005,,,84.0
723,2005,100,,85.0
724,2005,,,86.0
725,2005,93.5,,87.0
726,2005,,,89.0
727,2005,37.2,,90.0
728,2005,0.8,,92.0
729,2005,1.2,,93.0
730,2005,100,,94.0
731,2005,3.2,,95.0
732,2005,37.5,,98.0
733,2005,,,99.0
734,2005,100,,100.0
735,2005,100,,101.0
736,2005,28.1,,102.0
737,2005,15,,103.0
738,2005,95.05,,104.0
739,2005,86,,105.0
740,2005,100,,106.0
741,2005,,,107.0
742,2005,100,,108.0
743,2005,100,,109.0
744,2005,83.2,,110.0
745,2005,100,,111.0
746,2005,99.8,,113.0
747,2005,88.8,,114.0
748,2005,4.1,,115.0
749,2005,1.5,,116.0
750,2005,2.8,,117.0
751,2005,100,,118.0
753,2005,100,,119.0
754,2005,62.1,,120.0
755,2005,2,,121.0
756,2005,100,,122.0
757,2005,,,123.0
758,2005,23.9,,124.0
759,2005,0.4,,125.0
760,2005,,,126.0
761,2005,,,127.0
762,2005,100,,128.0
763,2005,100,,129.0
764,2005,,,130.0
765,2005,1.1,,132.0
766,2005,2.1,,133.0
767,2005,98,,134.0
768,2005,70.9,,135.0
769,2005,0.9,,136.0
770,2005,100,,137.0
771,2005,27.7,,138.0
772,2005,37.1,,140.0
773,2005,96,,141.0
774,2005,85.2,,143.0
775,2005,10.9,,144.0
776,2005,81.6,,145.0
777,2005,100,,146.0
778,2005,26.1,,147.0
779,2005,65.8,,148.0
780,2005,93.9,,150.0
781,2005,2.4,,151.0
782,2005,3.9,,152.0
783,2005,37.2,,153.0
784,2005,100,,154.0
785,2005,13,,155.0
786,2005,100,,156.0
787,2005,,,157.0
788,2005,100,,158.0
789,2005,38.8,,159.0
790,2005,0.9,,160.0
791,2005,1,,161.0
792,2005,62.3,,131.0
793,2005,,,164.0
794,2005,100,,165.0
795,2005,100,,166.0
796,2005,29.2,,167.0
797,2005,51.6,,168.0
798,2005,100,,170.0
799,2005,6.1,,171.0
800,2005,49.3,,172.0
801,2005,55.9,,173.0
802,2005,40.4,,174.0
803,2005,100,,176.0
804,2005,100,,177.0
805,2005,,,178.0
806,2005,100,,179.0
807,2005,100,,181.0
808,2005,99.8,,182.0
809,2005,0.1,,183.0
810,2005,21.9,,191.0
811,2005,100,,192.0
812,2005,0.6,,193.0
813,2005,100,,194.0
814,2005,38.5,,195.0
815,2005,62.9,,196.0
816,2005,100,,197.0
817,2005,0.2,,198.0
818,2005,100,,199.0
819,2005,,,200.0
820,2005,100,,201.0
821,2005,100,,202.0
822,2005,8.4,,203.0
823,2005,0.55,,204.0
824,2005,66.7,,205.0
825,2005,0.1,,207.0
826,2005,100,,208.0
827,2005,19.2,,209.0
828,2005,100,,186.0
829,2005,92.2,,187.0
830,2005,,,188.0
831,2005,96,,190.0
832,2005,17.7,,210.0
833,2005,82.1,,211.0
834,2005,100,,214.0
835,2005,100,,215.0
836,2005,98.9,,216.0
837,2005,55.6,,218.0
838,2005,0.8,,219.0
839,2005,67.1,,220.0
840,2005,2,,221.0
841,2005,1.1,,222.0
842,2005,47.2,,224.0
843,2005,100,,225.0
844,2005,97.4,,226.0
845,2005,92.8,,227.0
846,2005,99.7,,228.0
847,2005,,,229.0
848,2005,18.85,,230.0
849,2005,0.8,,231.0
850,2005,93.3,,232.0
851,2005,100,,233.0
852,2005,100,,234.0
853,2005,100,,235.0
854,2005,100,,237.0
855,2005,85,,238.0
856,2005,14.7,,239.0
857,2005,96.9,,240.0
858,2005,29.35,,241.0
859,2005,,,243.0
860,2005,,,169.0
861,2005,57.9,,246.0
862,2005,15.8,,247.0
863,2005,31.9,,248.0
864,2006,13.5,,0.0
865,2006,54.7,,2.0
866,2006,98.6,,3.0
867,2006,,,4.0
868,2006,100,,5.0
869,2006,43.1,,6.0
870,2006,100,,9.0
871,2006,98.1,,10.0
872,2006,92.8,,11.0
873,2006,,,12.0
874,2006,100,,13.0
875,2006,100,,14.0
876,2006,87.8,,15.0
877,2006,100,,16.0
878,2006,100,,17.0
879,2006,9.6,,18.0
880,2006,100,,19.0
881,2006,97.4,,20.0
882,2006,100,,21.0
883,2006,83,,22.0
884,2006,2.8,,23.0
885,2006,,,24.0
886,2006,51,,25.0
887,2006,70.1,,26.0
888,2006,47.9,,28.0
889,2006,53.4,,29.0
890,2006,92.1,,31.0
891,2006,,,242.0
892,2006,100,,33.0
893,2006,,,34.0
894,2006,4.3,,35.0
895,2006,0.3,,36.0
896,2006,65.6,,40.0
897,2006,7.5,,37.0
898,2006,15.7,,38.0
899,2006,100,,39.0
900,2006,,,41.0
901,2006,0.5,,42.0
902,2006,2.2,,43.0
903,2006,100,,44.0
904,2006,48.5,,45.0
905,2006,82.8,,48.0
906,2006,1.8,,49.0
907,2006,2.3,,51.0
908,2006,12.25,,50.0
909,2006,91,,53.0
910,2006,16.4,,54.0
911,2006,100,,55.0
912,2006,81.15,,56.0
913,2006,,,57.0
914,2006,100,,58.0
915,2006,100,,59.0
916,2006,100,,60.0
917,2006,5,,61.0
918,2006,85.6,,62.0
919,2006,86.7,,63.0
920,2006,92.7,,64.0
921,2006,97,,65.0
922,2006,69.5,,66.0
923,2006,21.2,,67.0
924,2006,6.3,,68.0
925,2006,100,,69.0
926,2006,32.6,,213.0
927,2006,1.3,,70.0
928,2006,,,72.0
929,2006,29.1,,73.0
930,2006,100,,74.0
931,2006,100,,75.0
932,2006,,,77.0
933,2006,74.4,,79.0
934,2006,3.2,,80.0
935,2006,55.7,,81.0
936,2006,100,,82.0
937,2006,10.7,,83.0
938,2006,,,84.0
939,2006,100,,85.0
940,2006,,,86.0
941,2006,93.4,,87.0
942,2006,,,89.0
943,2006,36.8,,90.0
944,2006,0.8,,92.0
945,2006,1.2,,93.0
946,2006,100,,94.0
947,2006,3.2,,95.0
948,2006,38.9,,98.0
949,2006,,,99.0
950,2006,100,,100.0
951,2006,100,,101.0
952,2006,29.3,,102.0
953,2006,18.5,,103.0
954,2006,95.7,,104.0
955,2006,88.5,,105.0
956,2006,100,,106.0
957,2006,,,107.0
958,2006,100,,108.0
959,2006,100,,109.0
960,2006,84.5,,110.0
961,2006,100,,111.0
962,2006,99.9,,113.0
963,2006,89.3,,114.0
964,2006,4.7,,115.0
965,2006,1.7,,116.0
966,2006,3.4,,117.0
967,2006,100,,118.0
969,2006,100,,119.0
970,2006,64.3,,120.0
971,2006,2.3,,121.0
972,2006,100,,122.0
973,2006,,,123.0
974,2006,25.4,,124.0
975,2006,0.4,,125.0
976,2006,,,126.0
977,2006,,,127.0
978,2006,100,,128.0
979,2006,100,,129.0
980,2006,,,130.0
981,2006,1.1,,132.0
982,2006,2.1,,133.0
983,2006,97.8,,134.0
984,2006,78.3,,135.0
985,2006,0.9,,136.0
986,2006,100,,137.0
987,2006,34.2,,138.0
988,2006,38.4,,140.0
989,2006,96.4,,141.0
990,2006,85.2,,143.0
991,2006,11,,144.0
992,2006,84.5,,145.0
993,2006,100,,146.0
994,2006,27.3,,147.0
995,2006,65.45,,148.0
996,2006,94.6,,150.0
997,2006,2.6,,151.0
998,2006,4.5,,152.0
999,2006,37.9,,153.0
1000,2006,100,,154.0
1001,2006,14.9,,155.0
1002,2006,100,,156.0
1003,2006,,,157.0
1004,2006,100,,158.0
1005,2006,39.9,,159.0
1006,2006,1,,160.0
1007,2006,1.1,,161.0
1008,2006,63,,131.0
1009,2006,,,164.0
1010,2006,100,,165.0
1011,2006,100,,166.0
1012,2006,30.2,,167.0
1013,2006,50.3,,168.0
1014,2006,100,,170.0
1015,2006,6.2,,171.0
1016,2006,50.2,,172.0
1017,2006,58.1,,173.0
1018,2006,40.4,,174.0
1019,2006,100,,176.0
1020,2006,100,,177.0
1021,2006,,,178.0
1022,2006,100,,179.0
1023,2006,100,,181.0
1024,2006,99.8,,182.0
1025,2006,0.1,,183.0
1026,2006,22.9,,191.0
1027,2006,100,,192.0
1028,2006,0.6,,193.0
1029,2006,100,,194.0
1030,2006,38.2,,195.0
1031,2006,63.5,,196.0
1032,2006,100,,197.0
1033,2006,0.3,,198.0
1034,2006,100,,199.0
1035,2006,,,200.0
1036,2006,100,,201.0
1037,2006,100,,202.0
1038,2006,8.3,,203.0
1039,2006,0.6,,204.0
1040,2006,69,,205.0
1041,2006,0.1,,207.0
1042,2006,100,,208.0
1043,2006,19.7,,209.0
1044,2006,100,,186.0
1045,2006,93,,187.0
1046,2006,,,188.0
1047,2006,95.9,,190.0
1048,2006,20.5,,210.0
1049,2006,83.3,,211.0
1050,2006,100,,214.0
1051,2006,100,,215.0
1052,2006,98.8,,216.0
1053,2006,59.6,,218.0
1054,2006,0.9,,219.0
1055,2006,68.2,,220.0
1056,2006,2.3,,221.0
1057,2006,1.5,,222.0
1058,2006,49.6,,224.0
1059,2006,100,,225.0
1060,2006,98.1,,226.0
1061,2006,93.3,,227.0
1062,2006,99.8,,228.0
1063,2006,,,229.0
1064,2006,22.9,,230.0
1065,2006,0.8,,231.0
1066,2006,93.7,,232.0
1067,2006,100,,233.0
1068,2006,100,,234.0
1069,2006,100,,235.0
1070,2006,100,,237.0
1071,2006,85.2,,238.0
1072,2006,14.4,,239.0
1073,2006,96.8,,240.0
1074,2006,33.1,,241.0
1075,2006,,,243.0
1076,2006,,,169.0
1077,2006,58.7,,246.0
1078,2006,16,,247.0
1079,2006,31.6,,248.0
1080,2007,15.1,,0.0
1081,2007,57.65,,2.0
1082,2007,98.8,,3.0
1083,2007,,,4.0
1084,2007,100,,5.0
1085,2007,43.1,,6.0
1086,2007,100,,9.0
1087,2007,98.4,,10.0
1088,2007,94,,11.0
1089,2007,,,12.0
1090,2007,100,,13.0
1091,2007,100,,14.0
1092,2007,89.8,,15.0
1093,2007,100,,16.0
1094,2007,100,,17.0
1095,2007,10.2,,18.0
1096,2007,100,,19.0
1097,2007,97.9,,20.0
1098,2007,100,,21.0
1099,2007,83.3,,22.0
1100,2007,3.3,,23.0
1101,2007,,,24.0
1102,2007,55.4,,25.0
1103,2007,71.6,,26.0
1104,2007,46.65,,28.0
1105,2007,54.8,,29.0
1106,2007,92.5,,31.0
1107,2007,,,242.0
1108,2007,100,,33.0
1109,2007,,,34.0
1110,2007,4.6,,35.0
1111,2007,0.2,,36.0
1112,2007,66.5,,40.0
1113,2007,8.4,,37.0
1114,2007,16.6,,38.0
1115,2007,100,,39.0
1116,2007,,,41.0
1117,2007,0.5,,42.0
1118,2007,2.3,,43.0
1119,2007,100,,44.0
1120,2007,50.3,,45.0
1121,2007,83.3,,48.0
1122,2007,2.1,,49.0
1123,2007,2.6,,51.0
1124,2007,13.1,,50.0
1125,2007,91.4,,53.0
1126,2007,16.7,,54.0
1127,2007,100,,55.0
1128,2007,83,,56.0
1129,2007,,,57.0
1130,2007,100,,58.0
1131,2007,100,,59.0
1132,2007,100,,60.0
1133,2007,5.3,,61.0
1134,2007,86.1,,62.0
1135,2007,87,,63.0
1136,2007,93.1,,64.0
1137,2007,97.8,,65.0
1138,2007,71.4,,66.0
1139,2007,21.6,,67.0
1140,2007,6.9,,68.0
1141,2007,100,,69.0
1142,2007,34.1,,213.0
1143,2007,1.4,,70.0
1144,2007,,,72.0
1145,2007,29.7,,73.0
1146,2007,100,,74.0
1147,2007,100,,75.0
1148,2007,,,77.0
1149,2007,76,,79.0
1150,2007,3.1,,80.0
1151,2007,58.2,,81.0
1152,2007,100,,82.0
1153,2007,11.8,,83.0
1154,2007,,,84.0
1155,2007,100,,85.0
1156,2007,,,86.0
1157,2007,93.2,,87.0
1158,2007,,,89.0
1159,2007,36.4,,90.0
1160,2007,0.8,,92.0
1161,2007,1.1,,93.0
1162,2007,100,,94.0
1163,2007,3.5,,95.0
1164,2007,39.8,,98.0
1165,2007,,,99.0
1166,2007,100,,100.0
1167,2007,100,,101.0
1168,2007,30.65,,102.0
1169,2007,23,,103.0
1170,2007,96,,104.0
1171,2007,90.8,,105.0
1172,2007,100,,106.0
1173,2007,,,107.0
1174,2007,100,,108.0
1175,2007,100,,109.0
1176,2007,85.2,,110.0
1177,2007,100,,111.0
1178,2007,99.9,,113.0
1179,2007,89.6,,114.0
1180,2007,5.2,,115.0
1181,2007,1.9,,116.0
1182,2007,3.9,,117.0
1183,2007,100,,118.0
1185,2007,100,,119.0
1186,2007,66.1,,120.0
1187,2007,2.5,,121.0
1188,2007,100,,122.0
1189,2007,,,123.0
1190,2007,26.9,,124.0
1191,2007,0.4,,125.0
1192,2007,,,126.0
1193,2007,,,127.0
1194,2007,100,,128.0
1195,2007,100,,129.0
1196,2007,,,130.0
1197,2007,1,,132.0
1198,2007,2.2,,133.0
1199,2007,97.5,,134.0
1200,2007,83.8,,135.0
1201,2007,0.9,,136.0
1202,2007,100,,137.0
1203,2007,41,,138.0
1204,2007,39.2,,140.0
1205,2007,96.8,,141.0
1206,2007,85.3,,143.0
1207,2007,11.1,,144.0
1208,2007,86.9,,145.0
1209,2007,100,,146.0
1210,2007,28.8,,147.0
1211,2007,64.8,,148.0
1212,2007,95.1,,150.0
1213,2007,2.6,,151.0
1214,2007,5.4,,152.0
1215,2007,38.6,,153.0
1216,2007,100,,154.0
1217,2007,16.5,,155.0
1218,2007,100,,156.0
1219,2007,,,157.0
1220,2007,100,,158.0
1221,2007,40.9,,159.0
1222,2007,1.1,,160.0
1223,2007,1.2,,161.0
1224,2007,64.55,,131.0
1225,2007,,,164.0
1226,2007,100,,165.0
1227,2007,100,,166.0
1228,2007,31.6,,167.0
1229,2007,49.8,,168.0
1230,2007,100,,170.0
1231,2007,6.5,,171.0
1232,2007,51.6,,172.0
1233,2007,60.1,,173.0
1234,2007,40.3,,174.0
1235,2007,100,,176.0
1236,2007,100,,177.0
1237,2007,,,178.0
1238,2007,100,,179.0
1239,2007,100,,181.0
1240,2007,99.7,,182.0
1241,2007,0.2,,183.0
1242,2007,23.7,,191.0
1243,2007,100,,192.0
1244,2007,0.7,,193.0
1245,2007,100,,194.0
1246,2007,37.7,,195.0
1247,2007,64.7,,196.0
1248,2007,100,,197.0
1249,2007,0.3,,198.0
1250,2007,100,,199.0
1251,2007,,,200.0
1252,2007,100,,201.0
1253,2007,100,,202.0
1254,2007,8.2,,203.0
1255,2007,0.7,,204.0
1256,2007,71.2,,205.0
1257,2007,0.1,,207.0
1258,2007,100,,208.0
1259,2007,20.4,,209.0
1260,2007,100,,186.0
1261,2007,93.8,,187.0
1262,2007,,,188.0
1263,2007,95.9,,190.0
1264,2007,23.6,,210.0
1265,2007,84.4,,211.0
1266,2007,100,,214.0
1267,2007,100,,215.0
1268,2007,98.7,,216.0
1269,2007,62.2,,218.0
1270,2007,1,,219.0
1271,2007,69.4,,220.0
1272,2007,2.7,,221.0
1273,2007,1.8,,222.0
1274,2007,52.4,,224.0
1275,2007,100,,225.0
1276,2007,98.5,,226.0
1277,2007,93.5,,227.0
1278,2007,99.8,,228.0
1279,2007,,,229.0
1280,2007,27.3,,230.0
1281,2007,0.8,,231.0
1282,2007,93.8,,232.0
1283,2007,100,,233.0
1284,2007,100,,234.0
1285,2007,100,,235.0
1286,2007,100,,237.0
1287,2007,85.1,,238.0
1288,2007,13.9,,239.0
1289,2007,96.8,,240.0
1290,2007,36.8,,241.0
1291,2007,,,243.0
1292,2007,,,169.0
1293,2007,59.1,,246.0
1294,2007,16.1,,247.0
1295,2007,31.2,,248.0
1296,2008,16.6,,0.0
1297,2008,61,,2.0
1298,2008,99,,3.0
1299,2008,,,4.0
1300,2008,100,,5.0
1301,2008,43.7,,6.0
1302,2008,100,,9.0
1303,2008,98.7,,10.0
1304,2008,94.9,,11.0
1305,2008,,,12.0
1306,2008,100,,13.0
1307,2008,100,,14.0
1308,2008,91.3,,15.0
1309,2008,100,,16.0
1310,2008,100,,17.0
1311,2008,10.8,,18.0
1312,2008,100,,19.0
1313,2008,98.1,,20.0
1314,2008,100,,21.0
1315,2008,83.1,,22.0
1316,2008,3.8,,23.0
1317,2008,,,24.0
1318,2008,58.9,,25.0
1319,2008,72.9,,26.0
1320,2008,45.8,,28.0
1321,2008,56.3,,29.0
1322,2008,93.1,,31.0
1323,2008,,,242.0
1324,2008,100,,33.0
1325,2008,,,34.0
1326,2008,5,,35.0
1327,2008,0.2,,36.0
1328,2008,67.4,,40.0
1329,2008,9.4,,37.0
1330,2008,17.4,,38.0
1331,2008,100,,39.0
1332,2008,,,41.0
1333,2008,0.5,,42.0
1334,2008,2.4,,43.0
1335,2008,100,,44.0
1336,2008,52.7,,45.0
1337,2008,83.9,,48.0
1338,2008,2.5,,49.0
1339,2008,2.8,,51.0
1340,2008,14.2,,50.0
1341,2008,91.8,,53.0
1342,2008,16.9,,54.0
1343,2008,100,,55.0
1344,2008,85.1,,56.0
1345,2008,,,57.0
1346,2008,100,,58.0
1347,2008,100,,59.0
1348,2008,100,,60.0
1349,2008,5.7,,61.0
1350,2008,86.9,,62.0
1351,2008,87.1,,63.0
1352,2008,93.4,,64.0
1353,2008,98.6,,65.0
1354,2008,73.1,,66.0
1355,2008,22.1,,67.0
1356,2008,7.4,,68.0
1357,2008,100,,69.0
1358,2008,35.8,,213.0
1359,2008,1.6,,70.0
1360,2008,,,72.0
1361,2008,30.5,,73.0
1362,2008,100,,74.0
1363,2008,100,,75.0
1364,2008,,,77.0
1365,2008,77.4,,79.0
1366,2008,3,,80.0
1367,2008,60.7,,81.0
1368,2008,100,,82.0
1369,2008,12.75,,83.0
1370,2008,,,84.0
1371,2008,100,,85.0
1372,2008,,,86.0
1373,2008,93,,87.0
1374,2008,,,89.0
1375,2008,36.5,,90.0
1376,2008,0.8,,92.0
1377,2008,1.1,,93.0
1378,2008,100,,94.0
1379,2008,3.4,,95.0
1380,2008,40.75,,98.0
1381,2008,,,99.0
1382,2008,100,,100.0
1383,2008,100,,101.0
1384,2008,31.9,,102.0
1385,2008,28.45,,103.0
1386,2008,96.5,,104.0
1387,2008,92.7,,105.0
1388,2008,100,,106.0
1389,2008,,,107.0
1390,2008,100,,108.0
1391,2008,100,,109.0
1392,2008,85.7,,110.0
1393,2008,100,,111.0
1394,2008,99.9,,113.0
1395,2008,90.5,,114.0
1396,2008,5.9,,115.0
1397,2008,2.2,,116.0
1398,2008,4.4,,117.0
1399,2008,100,,118.0
1401,2008,100,,119.0
1402,2008,68.2,,120.0
1403,2008,2.9,,121.0
1404,2008,100,,122.0
1405,2008,,,123.0
1406,2008,28.5,,124.0
1407,2008,0.4,,125.0
1408,2008,,,126.0
1409,2008,,,127.0
1410,2008,100,,128.0
1411,2008,100,,129.0
1412,2008,,,130.0
1413,2008,1,,132.0
1414,2008,2.2,,133.0
1415,2008,97.2,,134.0
1416,2008,88,,135.0
1417,2008,0.9,,136.0
1418,2008,100,,137.0
1419,2008,46.9,,138.0
1420,2008,40.1,,140.0
1421,2008,97.1,,141.0
1422,2008,85.4,,143.0
1423,2008,11.3,,144.0
1424,2008,89,,145.0
1425,2008,100,,146.0
1426,2008,30.7,,147.0
1427,2008,64.2,,148.0
1428,2008,95.7,,150.0
1429,2008,2.8,,151.0
1430,2008,6.4,,152.0
1431,2008,39.45,,153.0
1432,2008,100,,154.0
1433,2008,18.1,,155.0
1434,2008,100,,156.0
1435,2008,,,157.0
1436,2008,100,,158.0
1437,2008,42,,159.0
1438,2008,1.1,,160.0
1439,2008,1.4,,161.0
1440,2008,65.45,,131.0
1441,2008,,,164.0
1442,2008,100,,165.0
1443,2008,100,,166.0
1444,2008,32.8,,167.0
1445,2008,49.15,,168.0
1446,2008,100,,170.0
1447,2008,6.9,,171.0
1448,2008,53.1,,172.0
1449,2008,61.9,,173.0
1450,2008,40.3,,174.0
1451,2008,100,,176.0
1452,2008,100,,177.0
1453,2008,,,178.0
1454,2008,100,,179.0
1455,2008,100,,181.0
1456,2008,99.7,,182.0
1457,2008,0.2,,183.0
1458,2008,24.8,,191.0
1459,2008,100,,192.0
1460,2008,0.9,,193.0
1461,2008,100,,194.0
1462,2008,36.5,,195.0
1463,2008,65.5,,196.0
1464,2008,100,,197.0
1465,2008,0.3,,198.0
1466,2008,100,,199.0
1467,2008,,,200.0
1468,2008,100,,201.0
1469,2008,100,,202.0
1470,2008,8.2,,203.0
1471,2008,0.8,,204.0
1472,2008,73.3,,205.0
1473,2008,0,,207.0
1474,2008,100,,208.0
1475,2008,20.6,,209.0
1476,2008,100,,186.0
1477,2008,94.4,,187.0
1478,2008,,,188.0
1479,2008,95.8,,190.0
1480,2008,26,,210.0
1481,2008,85.4,,211.0
1482,2008,100,,214.0
1483,2008,100,,215.0
1484,2008,98.7,,216.0
1485,2008,65.2,,218.0
1486,2008,1.1,,219.0
1487,2008,70.5,,220.0
1488,2008,3.2,,221.0
1489,2008,2.3,,222.0
1490,2008,54.9,,224.0
1491,2008,100,,225.0
1492,2008,98.9,,226.0
1493,2008,93.8,,227.0
1494,2008,99.9,,228.0
1495,2008,,,229.0
1496,2008,33.3,,230.0
1497,2008,0.8,,231.0
1498,2008,94.2,,232.0
1499,2008,100,,233.0
1500,2008,100,,234.0
1501,2008,100,,235.0
1502,2008,100,,237.0
1503,2008,85.4,,238.0
1504,2008,13.4,,239.0
1505,2008,96.7,,240.0
1506,2008,41,,241.0
1507,2008,,,243.0
1508,2008,,,169.0
1509,2008,59.6,,246.0
1510,2008,16.1,,247.0
1511,2008,30.7,,248.0
1512,2009,18.3,,0.0
1513,2009,63.7,,2.0
1514,2009,99.1,,3.0
1515,2009,,,4.0
1516,2009,100,,5.0
1517,2009,44,,6.0
1518,2009,100,,9.0
1519,2009,99,,10.0
1520,2009,95.6,,11.0
1521,2009,,,12.0
1522,2009,100,,13.0
1523,2009,100,,14.0
1524,2009,92.6,,15.0
1525,2009,100,,16.0
1526,2009,100,,17.0
1527,2009,11.6,,18.0
1528,2009,100,,19.0
1529,2009,98.5,,20.0
1530,2009,100,,21.0
1531,2009,83.6,,22.0
1532,2009,4.2,,23.0
1533,2009,,,24.0
1534,2009,62.3,,25.0
1535,2009,74.4,,26.0
1536,2009,45.6,,28.0
1537,2009,57.3,,29.0
1538,2009,93.4,,31.0
1539,2009,,,242.0
1540,2009,100,,33.0
1541,2009,,,34.0
1542,2009,5.4,,35.0
1543,2009,0.2,,36.0
1544,2009,68.4,,40.0
1545,2009,10.4,,37.0
1546,2009,18.4,,38.0
1547,2009,100,,39.0
1548,2009,,,41.0
1549,2009,0.5,,42.0
1550,2009,2.5,,43.0
1551,2009,100,,44.0
1552,2009,55.2,,45.0
1553,2009,84.9,,48.0
1554,2009,2.9,,49.0
1555,2009,3.1,,51.0
1556,2009,15.5,,50.0
1557,2009,92.1,,53.0
1558,2009,17.5,,54.0
1559,2009,100,,55.0
1560,2009,86.5,,56.0
1561,2009,,,57.0
1562,2009,100,,58.0
1563,2009,100,,59.0
1564,2009,100,,60.0
1565,2009,5.9,,61.0
1566,2009,87.4,,62.0
1567,2009,87.3,,63.0
1568,2009,93.6,,64.0
1569,2009,98.9,,65.0
1570,2009,75.2,,66.0
1571,2009,22.6,,67.0
1572,2009,7.6,,68.0
1573,2009,100,,69.0
1574,2009,37.5,,213.0
1575,2009,1.9,,70.0
1576,2009,,,72.0
1577,2009,31.1,,73.0
1578,2009,100,,74.0
1579,2009,100,,75.0
1580,2009,,,77.0
1581,2009,79,,79.0
1582,2009,2.9,,80.0
1583,2009,62.8,,81.0
1584,2009,100,,82.0
1585,2009,13.8,,83.0
1586,2009,,,84.0
1587,2009,100,,85.0
1588,2009,,,86.0
1589,2009,92.8,,87.0
1590,2009,,,89.0
1591,2009,36.5,,90.0
1592,2009,0.8,,92.0
1593,2009,1.1,,93.0
1594,2009,100,,94.0
1595,2009,3.6,,95.0
1596,2009,42.1,,98.0
1597,2009,,,99.0
1598,2009,100,,100.0
1599,2009,100,,101.0
1600,2009,33.4,,102.0
1601,2009,34.2,,103.0
1602,2009,96.8,,104.0
1603,2009,94.2,,105.0
1604,2009,100,,106.0
1605,2009,,,107.0
1606,2009,100,,108.0
1607,2009,100,,109.0
1608,2009,86.2,,110.0
1609,2009,100,,111.0
1610,2009,99.9,,113.0
1611,2009,91.2,,114.0
1612,2009,6.5,,115.0
1613,2009,2.6,,116.0
1614,2009,5,,117.0
1615,2009,100,,118.0
1617,2009,100,,119.0
1618,2009,70.1,,120.0
1619,2009,3.2,,121.0
1620,2009,100,,122.0
1621,2009,,,123.0
1622,2009,29.8,,124.0
1623,2009,0.4,,125.0
1624,2009,,,126.0
1625,2009,,,127.0
1626,2009,100,,128.0
1627,2009,100,,129.0
1628,2009,,,130.0
1629,2009,1,,132.0
1630,2009,2.3,,133.0
1631,2009,96.9,,134.0
1632,2009,91.1,,135.0
1633,2009,0.9,,136.0
1634,2009,100,,137.0
1635,2009,52.4,,138.0
1636,2009,40.9,,140.0
1637,2009,97.4,,141.0
1638,2009,85.2,,143.0
1639,2009,11.6,,144.0
1640,2009,90.7,,145.0
1641,2009,100,,146.0
1642,2009,32.7,,147.0
1643,2009,63.65,,148.0
1644,2009,96.2,,150.0
1645,2009,2.9,,151.0
1646,2009,7.6,,152.0
1647,2009,39.9,,153.0
1648,2009,100,,154.0
1649,2009,19.7,,155.0
1650,2009,100,,156.0
1651,2009,,,157.0
1652,2009,100,,158.0
1653,2009,43.2,,159.0
1654,2009,1.2,,160.0
1655,2009,1.5,,161.0
1656,2009,66.75,,131.0
1657,2009,,,164.0
1658,2009,100,,165.0
1659,2009,100,,166.0
1660,2009,34,,167.0
1661,2009,47.45,,168.0
1662,2009,100,,170.0
1663,2009,7.3,,171.0
1664,2009,55,,172.0
1665,2009,63.9,,173.0
1666,2009,40.2,,174.0
1667,2009,100,,176.0
1668,2009,100,,177.0
1669,2009,,,178.0
1670,2009,100,,179.0
1671,2009,100,,181.0
1672,2009,99.7,,182.0
1673,2009,0.2,,183.0
1674,2009,25.9,,191.0
1675,2009,100,,192.0
1676,2009,1,,193.0
1677,2009,100,,194.0
1678,2009,35.2,,195.0
1679,2009,66.4,,196.0
1680,2009,100,,197.0
1681,2009,0.4,,198.0
1682,2009,100,,199.0
1683,2009,,,200.0
1684,2009,100,,201.0
1685,2009,100,,202.0
1686,2009,8.2,,203.0
1687,2009,0.9,,204.0
1688,2009,75.3,,205.0
1689,2009,0,,207.0
1690,2009,100,,208.0
1691,2009,21.3,,209.0
1692,2009,100,,186.0
1693,2009,94.9,,187.0
1694,2009,,,188.0
1695,2009,95.7,,190.0
1696,2009,29.5,,210.0
1697,2009,86.4,,211.0
1698,2009,100,,214.0
1699,2009,100,,215.0
1700,2009,98.5,,216.0
1701,2009,67.6,,218.0
1702,2009,1.2,,219.0
1703,2009,71.55,,220.0
1704,2009,3.8,,221.0
1705,2009,2.8,,222.0
1706,2009,57.1,,224.0
1707,2009,100,,225.0
1708,2009,99.2,,226.0
1709,2009,94,,227.0
1710,2009,99.9,,228.0
1711,2009,,,229.0
1712,2009,39.2,,230.0
1713,2009,0.8,,231.0
1714,2009,94.3,,232.0
1715,2009,100,,233.0
1716,2009,100,,234.0
1717,2009,100,,235.0
1718,2009,100,,237.0
1719,2009,85.5,,238.0
1720,2009,12.9,,239.0
1721,2009,96.8,,240.0
1722,2009,45.1,,241.0
1723,2009,,,243.0
1724,2009,,,169.0
1725,2009,59.6,,246.0
1726,2009,16.1,,247.0
1727,2009,30.5,,248.0
1728,2010,19.9,,0.0
1729,2010,66.2,,2.0
1730,2010,99.2,,3.0
1731,2010,,,4.0
1732,2010,100,,5.0
1733,2010,44.6,,6.0
1734,2010,100,,9.0
1735,2010,99.1,,10.0
1736,2010,96.1,,11.0
1737,2010,,,12.0
1738,2010,100,,13.0
1739,2010,100,,14.0
1740,2010,93.7,,15.0
1741,2010,100,,16.0
1742,2010,100,,17.0
1743,2010,12.6,,18.0
1744,2010,100,,19.0
1745,2010,98.7,,20.0
1746,2010,100,,21.0
1747,2010,83.4,,22.0
1748,2010,4.4,,23.0
1749,2010,,,24.0
1750,2010,65.7,,25.0
1751,2010,75.8,,26.0
1752,2010,44.8,,28.0
1753,2010,58.4,,29.0
1754,2010,93.9,,31.0
1755,2010,,,242.0
1756,2010,100,,33.0
1757,2010,,,34.0
1758,2010,5.8,,35.0
1759,2010,0.2,,36.0
1760,2010,69.7,,40.0
1761,2010,11.5,,37.0
1762,2010,19,,38.0
1763,2010,100,,39.0
1764,2010,,,41.0
1765,2010,0.5,,42.0
1766,2010,2.6,,43.0
1767,2010,100,,44.0
1768,2010,57.4,,45.0
1769,2010,85.6,,48.0
1770,2010,3.3,,49.0
1771,2010,3.2,,51.0
1772,2010,16.9,,50.0
1773,2010,92.4,,53.0
1774,2010,18.3,,54.0
1775,2010,100,,55.0
1776,2010,87.9,,56.0
1777,2010,,,57.0
1778,2010,100,,58.0
1779,2010,100,,59.0
1780,2010,100,,60.0
1781,2010,6.4,,61.0
1782,2010,88.1,,62.0
1783,2010,87.5,,63.0
1784,2010,94,,64.0
1785,2010,99.2,,65.0
1786,2010,77,,66.0
1787,2010,22.9,,67.0
1788,2010,8.2,,68.0
1789,2010,100,,69.0
1790,2010,39.1,,213.0
1791,2010,2.2,,70.0
1792,2010,,,72.0
1793,2010,32.4,,73.0
1794,2010,100,,74.0
1795,2010,100,,75.0
1796,2010,,,77.0
1797,2010,80.7,,79.0
1798,2010,2.7,,80.0
1799,2010,66,,81.0
1800,2010,100,,82.0
1801,2010,15.3,,83.0
1802,2010,,,84.0
1803,2010,100,,85.0
1804,2010,,,86.0
1805,2010,92.7,,87.0
1806,2010,,,89.0
1807,2010,36.6,,90.0
1808,2010,0.8,,92.0
1809,2010,1.1,,93.0
1810,2010,100,,94.0
1811,2010,3.6,,95.0
1812,2010,42.4,,98.0
1813,2010,,,99.0
1814,2010,100,,100.0
1815,2010,100,,101.0
1816,2010,35.3,,102.0
1817,2010,40.6,,103.0
1818,2010,96.9,,104.0
1819,2010,95.3,,105.0
1820,2010,100,,106.0
1821,2010,,,107.0
1822,2010,100,,108.0
1823,2010,100,,109.0
1824,2010,86.3,,110.0
1825,2010,100,,111.0
1826,2010,99.9,,113.0
1827,2010,91.6,,114.0
1828,2010,7,,115.0
1829,2010,3,,116.0
1830,2010,5.6,,117.0
1831,2010,100,,118.0
1833,2010,100,,119.0
1834,2010,71.5,,120.0
1835,2010,3.5,,121.0
1836,2010,100,,122.0
1837,2010,,,123.0
1838,2010,31.1,,124.0
1839,2010,0.4,,125.0
1840,2010,,,126.0
1841,2010,,,127.0
1842,2010,100,,128.0
1843,2010,100,,129.0
1844,2010,,,130.0
1845,2010,1,,132.0
1846,2010,2.3,,133.0
1847,2010,96.5,,134.0
1848,2010,93.4,,135.0
1849,2010,0.9,,136.0
1850,2010,100,,137.0
1851,2010,56.8,,138.0
1852,2010,41.5,,140.0
1853,2010,97.6,,141.0
1854,2010,85.1,,143.0
1855,2010,11.7,,144.0
1856,2010,92,,145.0
1857,2010,100,,146.0
1858,2010,34.9,,147.0
1859,2010,63,,148.0
1860,2010,96.6,,150.0
1861,2010,3.1,,151.0
1862,2010,9.1,,152.0
1863,2010,40.7,,153.0
1864,2010,100,,154.0
1865,2010,21.4,,155.0
1866,2010,100,,156.0
1867,2010,,,157.0
1868,2010,100,,158.0
1869,2010,44.4,,159.0
1870,2010,1.2,,160.0
1871,2010,1.8,,161.0
1872,2010,68.1,,131.0
1873,2010,,,164.0
1874,2010,100,,165.0
1875,2010,100,,166.0
1876,2010,35.3,,167.0
1877,2010,46.7,,168.0
1878,2010,100,,170.0
1879,2010,7.7,,171.0
1880,2010,56.9,,172.0
1881,2010,65.7,,173.0
1882,2010,40.1,,174.0
1883,2010,100,,176.0
1884,2010,100,,177.0
1885,2010,,,178.0
1886,2010,100,,179.0
1887,2010,100,,181.0
1888,2010,99.6,,182.0
1889,2010,0.3,,183.0
1890,2010,26.7,,191.0
1891,2010,100,,192.0
1892,2010,1.1,,193.0
1893,2010,100,,194.0
1894,2010,33.6,,195.0
1895,2010,67.4,,196.0
1896,2010,100,,197.0
1897,2010,0.4,,198.0
1898,2010,100,,199.0
1899,2010,,,200.0
1900,2010,100,,201.0
1901,2010,100,,202.0
1902,2010,8.2,,203.0
1903,2010,1.1,,204.0
1904,2010,77.1,,205.0
1905,2010,0,,207.0
1906,2010,100,,208.0
1907,2010,21.8,,209.0
1908,2010,100,,186.0
1909,2010,95.2,,187.0
1910,2010,,,188.0
1911,2010,95.7,,190.0
1912,2010,32.8,,210.0
1913,2010,87.3,,211.0
1914,2010,100,,214.0
1915,2010,100,,215.0
1916,2010,98.3,,216.0
1917,2010,69.7,,218.0
1918,2010,1.4,,219.0
1919,2010,72.8,,220.0
1920,2010,4.5,,221.0
1921,2010,3.3,,222.0
1922,2010,59.6,,224.0
1923,2010,100,,225.0
1924,2010,99.4,,226.0
1925,2010,94.2,,227.0
1926,2010,99.9,,228.0
1927,2010,,,229.0
1928,2010,45.1,,230.0
1929,2010,0.9,,231.0
1930,2010,94.55,,232.0
1931,2010,100,,233.0
1932,2010,100,,234.0
1933,2010,100,,235.0
1934,2010,100,,237.0
1935,2010,85.6,,238.0
1936,2010,12.2,,239.0
1937,2010,96.7,,240.0
1938,2010,49.8,,241.0
1939,2010,,,243.0
1940,2010,,,169.0
1941,2010,59.5,,246.0
1942,2010,16,,247.0
1943,2010,30.4,,248.0
1944,2011,21.3,,0.0
1945,2011,69.1,,2.0
1946,2011,99.3,,3.0
1947,2011,,,4.0
1948,2011,100,,5.0
1949,2011,44.8,,6.0
1950,2011,100,,9.0
1951,2011,99.3,,10.0
1952,2011,96.6,,11.0
1953,2011,,,12.0
1954,2011,100,,13.0
1955,2011,100,,14.0
1956,2011,94.7,,15.0
1957,2011,100,,16.0
1958,2011,100,,17.0
1959,2011,13.6,,18.0
1960,2011,100,,19.0
1961,2011,99,,20.0
1962,2011,100,,21.0
1963,2011,83.5,,22.0
1964,2011,4.8,,23.0
1965,2011,,,24.0
1966,2011,68.5,,25.0
1967,2011,77.2,,26.0
1968,2011,43.7,,28.0
1969,2011,59.4,,29.0
1970,2011,94.3,,31.0
1971,2011,,,242.0
1972,2011,100,,33.0
1973,2011,,,34.0
1974,2011,6.2,,35.0
1975,2011,0.2,,36.0
1976,2011,70.8,,40.0
1977,2011,12.9,,37.0
1978,2011,19.7,,38.0
1979,2011,100,,39.0
1980,2011,,,41.0
1981,2011,0.5,,42.0
1982,2011,2.85,,43.0
1983,2011,100,,44.0
1984,2011,60.1,,45.0
1985,2011,86.5,,48.0
1986,2011,3.8,,49.0
1987,2011,3.4,,51.0
1988,2011,18.5,,50.0
1989,2011,92.8,,53.0
1990,2011,19.3,,54.0
1991,2011,100,,55.0
1992,2011,89.1,,56.0
1993,2011,,,57.0
1994,2011,100,,58.0
1995,2011,100,,59.0
1996,2011,100,,60.0
1997,2011,7,,61.0
1998,2011,88.3,,62.0
1999,2011,87.6,,63.0
2000,2011,93.95,,64.0
2001,2011,99.5,,65.0
2002,2011,78.6,,66.0
2003,2011,23,,67.0
2004,2011,8.4,,68.0
2005,2011,100,,69.0
2006,2011,41.3,,213.0
2007,2011,2.6,,70.0
2008,2011,,,72.0
2009,2011,33.4,,73.0
2010,2011,100,,74.0
2011,2011,100,,75.0
2012,2011,,,77.0
2013,2011,82,,79.0
2014,2011,2.4,,80.0
2015,2011,68.5,,81.0
2016,2011,100,,82.0
2017,2011,16.6,,83.0
2018,2011,,,84.0
2019,2011,100,,85.0
2020,2011,,,86.0
2021,2011,92.3,,87.0
2022,2011,,,89.0
2023,2011,37.2,,90.0
2024,2011,0.8,,92.0
2025,2011,1.1,,93.0
2026,2011,100,,94.0
2027,2011,3.7,,95.0
2028,2011,43.4,,98.0
2029,2011,,,99.0
2030,2011,100,,100.0
2031,2011,100,,101.0
2032,2011,37.2,,102.0
2033,2011,46.6,,103.0
2034,2011,97,,104.0
2035,2011,96.3,,105.0
2036,2011,100,,106.0
2037,2011,,,107.0
2038,2011,100,,108.0
2039,2011,100,,109.0
2040,2011,86.1,,110.0
2041,2011,100,,111.0
2042,2011,99.9,,113.0
2043,2011,92.1,,114.0
2044,2011,7.6,,115.0
2045,2011,3.5,,116.0
2046,2011,6.2,,117.0
2047,2011,100,,118.0
2049,2011,100,,119.0
2050,2011,72.8,,120.0
2051,2011,4,,121.0
2052,2011,100,,122.0
2053,2011,,,123.0
2054,2011,32.4,,124.0
2055,2011,0.3,,125.0
2056,2011,,,126.0
2057,2011,,,127.0
2058,2011,100,,128.0
2059,2011,100,,129.0
2060,2011,,,130.0
2061,2011,0.9,,132.0
2062,2011,2.4,,133.0
2063,2011,95.9,,134.0
2064,2011,95,,135.0
2065,2011,0.9,,136.0
2066,2011,100,,137.0
2067,2011,59.5,,138.0
2068,2011,41.8,,140.0
2069,2011,97.8,,141.0
2070,2011,84.8,,143.0
2071,2011,12,,144.0
2072,2011,93.1,,145.0
2073,2011,100,,146.0
2074,2011,36.8,,147.0
2075,2011,62.8,,148.0
2076,2011,96.9,,150.0
2077,2011,3.3,,151.0
2078,2011,10.9,,152.0
2079,2011,41.3,,153.0
2080,2011,100,,154.0
2081,2011,23,,155.0
2082,2011,100,,156.0
2083,2011,,,157.0
2084,2011,100,,158.0
2085,2011,45.7,,159.0
2086,2011,1.4,,160.0
2087,2011,2.1,,161.0
2088,2011,69.2,,131.0
2089,2011,,,164.0
2090,2011,100,,165.0
2091,2011,100,,166.0
2092,2011,36.5,,167.0
2093,2011,45.3,,168.0
2094,2011,100,,170.0
2095,2011,7.9,,171.0
2096,2011,59.3,,172.0
2097,2011,67.8,,173.0
2098,2011,40.5,,174.0
2099,2011,100,,176.0
2100,2011,100,,177.0
2101,2011,,,178.0
2102,2011,100,,179.0
2103,2011,100,,181.0
2104,2011,99.6,,182.0
2105,2011,0.3,,183.0
2106,2011,27.8,,191.0
2107,2011,100,,192.0
2108,2011,1.3,,193.0
2109,2011,100,,194.0
2110,2011,31.9,,195.0
2111,2011,68.2,,196.0
2112,2011,100,,197.0
2113,2011,0.4,,198.0
2114,2011,100,,199.0
2115,2011,,,200.0
2116,2011,100,,201.0
2117,2011,100,,202.0
2118,2011,8.1,,203.0
2119,2011,1.2,,204.0
2120,2011,78.7,,205.0
2121,2011,0,,207.0
2122,2011,100,,208.0
2123,2011,22.7,,209.0
2124,2011,100,,186.0
2125,2011,95.6,,187.0
2126,2011,,,188.0
2127,2011,95.5,,190.0
2128,2011,35.8,,210.0
2129,2011,88.15,,211.0
2130,2011,100,,214.0
2131,2011,100,,215.0
2132,2011,98,,216.0
2133,2011,71.5,,218.0
2134,2011,1.6,,219.0
2135,2011,74,,220.0
2136,2011,5.2,,221.0
2137,2011,3.9,,222.0
2138,2011,62.3,,224.0
2139,2011,100,,225.0
2140,2011,99.5,,226.0
2141,2011,94.5,,227.0
2142,2011,99.9,,228.0
2143,2011,,,229.0
2144,2011,50.5,,230.0
2145,2011,0.9,,231.0
2146,2011,94.6,,232.0
2147,2011,100,,233.0
2148,2011,100,,234.0
2149,2011,100,,235.0
2150,2011,100,,237.0
2151,2011,85.3,,238.0
2152,2011,11.6,,239.0
2153,2011,96.6,,240.0
2154,2011,55.2,,241.0
2155,2011,,,243.0
2156,2011,,,169.0
2157,2011,59.5,,246.0
2158,2011,15.8,,247.0
2159,2011,30.2,,248.0
2160,2012,22.9,,0.0
2161,2012,71.3,,2.0
2162,2012,99.4,,3.0
2163,2012,,,4.0
2164,2012,100,,5.0
2165,2012,45.7,,6.0
2166,2012,100,,9.0
2167,2012,99.4,,10.0
2168,2012,96.8,,11.0
2169,2012,,,12.0
2170,2012,100,,13.0
2171,2012,100,,14.0
2172,2012,95.5,,15.0
2173,2012,100,,16.0
2174,2012,100,,17.0
2175,2012,14.6,,18.0
2176,2012,100,,19.0
2177,2012,99.2,,20.0
2178,2012,100,,21.0
2179,2012,83.4,,22.0
2180,2012,4.9,,23.0
2181,2012,,,24.0
2182,2012,71.2,,25.0
2183,2012,78.6,,26.0
2184,2012,43.2,,28.0
2185,2012,60.1,,29.0
2186,2012,94.7,,31.0
2187,2012,,,242.0
2188,2012,100,,33.0
2189,2012,,,34.0
2190,2012,6.9,,35.0
2191,2012,0.2,,36.0
2192,2012,71.9,,40.0
2193,2012,14.5,,37.0
2194,2012,20.3,,38.0
2195,2012,100,,39.0
2196,2012,,,41.0
2197,2012,0.5,,42.0
2198,2012,3.1,,43.0
2199,2012,100,,44.0
2200,2012,62.9,,45.0
2201,2012,87.1,,48.0
2202,2012,4.3,,49.0
2203,2012,3.5,,51.0
2204,2012,20.3,,50.0
2205,2012,93.2,,53.0
2206,2012,20.6,,54.0
2207,2012,100,,55.0
2208,2012,90.2,,56.0
2209,2012,,,57.0
2210,2012,100,,58.0
2211,2012,100,,59.0
2212,2012,100,,60.0
2213,2012,7.4,,61.0
2214,2012,88.7,,62.0
2215,2012,87.9,,63.0
2216,2012,94,,64.0
2217,2012,99.7,,65.0
2218,2012,80.4,,66.0
2219,2012,23.5,,67.0
2220,2012,8.9,,68.0
2221,2012,100,,69.0
2222,2012,42.5,,213.0
2223,2012,3,,70.0
2224,2012,,,72.0
2225,2012,35,,73.0
2226,2012,100,,74.0
2227,2012,100,,75.0
2228,2012,,,77.0
2229,2012,83.2,,79.0
2230,2012,2.3,,80.0
2231,2012,71,,81.0
2232,2012,100,,82.0
2233,2012,17.6,,83.0
2234,2012,,,84.0
2235,2012,100,,85.0
2236,2012,,,86.0
2237,2012,92,,87.0
2238,2012,,,89.0
2239,2012,37.6,,90.0
2240,2012,0.8,,92.0
2241,2012,1.1,,93.0
2242,2012,100,,94.0
2243,2012,3.8,,95.0
2244,2012,44.1,,98.0
2245,2012,,,99.0
2246,2012,100,,100.0
2247,2012,100,,101.0
2248,2012,39.2,,102.0
2249,2012,52.6,,103.0
2250,2012,97.1,,104.0
2251,2012,97.1,,105.0
2252,2012,100,,106.0
2253,2012,,,107.0
2254,2012,100,,108.0
2255,2012,100,,109.0
2256,2012,85.9,,110.0
2257,2012,100,,111.0
2258,2012,99.9,,113.0
2259,2012,92.4,,114.0
2260,2012,8.5,,115.0
2261,2012,4.1,,116.0
2262,2012,6.8,,117.0
2263,2012,100,,118.0
2265,2012,100,,119.0
2266,2012,74.2,,120.0
2267,2012,4.3,,121.0
2268,2012,100,,122.0
2269,2012,,,123.0
2270,2012,33.6,,124.0
2271,2012,0.3,,125.0
2272,2012,,,126.0
2273,2012,,,127.0
2274,2012,100,,128.0
2275,2012,100,,129.0
2276,2012,,,130.0
2277,2012,1,,132.0
2278,2012,2.4,,133.0
2279,2012,95.2,,134.0
2280,2012,96.3,,135.0
2281,2012,0.9,,136.0
2282,2012,100,,137.0
2283,2012,61.6,,138.0
2284,2012,42.6,,140.0
2285,2012,98.1,,141.0
2286,2012,84.7,,143.0
2287,2012,12.1,,144.0
2288,2012,94.1,,145.0
2289,2012,100,,146.0
2290,2012,38.6,,147.0
2291,2012,62.2,,148.0
2292,2012,97.2,,150.0
2293,2012,3.4,,151.0
2294,2012,13.1,,152.0
2295,2012,42.3,,153.0
2296,2012,100,,154.0
2297,2012,24.7,,155.0
2298,2012,100,,156.0
2299,2012,,,157.0
2300,2012,100,,158.0
2301,2012,46.9,,159.0
2302,2012,1.5,,160.0
2303,2012,2.5,,161.0
2304,2012,70.3,,131.0
2305,2012,,,164.0
2306,2012,100,,165.0
2307,2012,100,,166.0
2308,2012,37.95,,167.0
2309,2012,44.1,,168.0
2310,2012,100,,170.0
2311,2012,8.4,,171.0
2312,2012,61.1,,172.0
2313,2012,69.8,,173.0
2314,2012,40.9,,174.0
2315,2012,100,,176.0
2316,2012,100,,177.0
2317,2012,,,178.0
2318,2012,100,,179.0
2319,2012,100,,181.0
2320,2012,99.5,,182.0
2321,2012,0.4,,183.0
2322,2012,28.8,,191.0
2323,2012,100,,192.0
2324,2012,1.5,,193.0
2325,2012,100,,194.0
2326,2012,30.7,,195.0
2327,2012,69.45,,196.0
2328,2012,100,,197.0
2329,2012,0.5,,198.0
2330,2012,100,,199.0
2331,2012,,,200.0
2332,2012,100,,201.0
2333,2012,100,,202.0
2334,2012,8.1,,203.0
2335,2012,1.4,,204.0
2336,2012,80,,205.0
2337,2012,0,,207.0
2338,2012,100,,208.0
2339,2012,23.3,,209.0
2340,2012,100,,186.0
2341,2012,95.6,,187.0
2342,2012,,,188.0
2343,2012,95.2,,190.0
2344,2012,39,,210.0
2345,2012,89.2,,211.0
2346,2012,100,,214.0
2347,2012,100,,215.0
2348,2012,97.6,,216.0
2349,2012,73.4,,218.0
2350,2012,1.9,,219.0
2351,2012,75.3,,220.0
2352,2012,6,,221.0
2353,2012,4.5,,222.0
2354,2012,64.7,,224.0
2355,2012,100,,225.0
2356,2012,99.6,,226.0
2357,2012,94.6,,227.0
2358,2012,99.9,,228.0
2359,2012,,,229.0
2360,2012,55.8,,230.0
2361,2012,0.9,,231.0
2362,2012,94.9,,232.0
2363,2012,100,,233.0
2364,2012,100,,234.0
2365,2012,100,,235.0
2366,2012,100,,237.0
2367,2012,85.2,,238.0
2368,2012,10.8,,239.0
2369,2012,96.8,,240.0
2370,2012,60.4,,241.0
2371,2012,,,243.0
2372,2012,,,169.0
2373,2012,59.1,,246.0
2374,2012,15.5,,247.0
2375,2012,30.2,,248.0
2376,2013,24.5,,0.0
2377,2013,73.1,,2.0
2378,2013,99.4,,3.0
2379,2013,,,4.0
2380,2013,100,,5.0
2381,2013,45.95,,6.0
2382,2013,100,,9.0
2383,2013,99.6,,10.0
2384,2013,97.1,,11.0
2385,2013,,,12.0
2386,2013,100,,13.0
2387,2013,100,,14.0
2388,2013,96,,15.0
2389,2013,100,,16.0
2390,2013,100,,17.0
2391,2013,15.7,,18.0
2392,2013,100,,19.0
2393,2013,99.3,,20.0
2394,2013,100,,21.0
2395,2013,83.3,,22.0
2396,2013,5,,23.0
2397,2013,,,24.0
2398,2013,73.8,,25.0
2399,2013,79.9,,26.0
2400,2013,42.1,,28.0
2401,2013,60.5,,29.0
2402,2013,95.1,,31.0
2403,2013,,,242.0
2404,2013,100,,33.0
2405,2013,,,34.0
2406,2013,7.5,,35.0
2407,2013,0.2,,36.0
2408,2013,73,,40.0
2409,2013,16.1,,37.0
2410,2013,21,,38.0
2411,2013,100,,39.0
2412,2013,,,41.0
2413,2013,0.6,,42.0
2414,2013,3.4,,43.0
2415,2013,100,,44.0
2416,2013,65.8,,45.0
2417,2013,87.9,,48.0
2418,2013,4.7,,49.0
2419,2013,3.6,,51.0
2420,2013,21.9,,50.0
2421,2013,93.5,,53.0
2422,2013,21.6,,54.0
2423,2013,100,,55.0
2424,2013,91.3,,56.0
2425,2013,,,57.0
2426,2013,100,,58.0
2427,2013,100,,59.0
2428,2013,100,,60.0
2429,2013,7.8,,61.0
2430,2013,88.9,,62.0
2431,2013,88.3,,63.0
2432,2013,94.2,,64.0
2433,2013,99.8,,65.0
2434,2013,82.1,,66.0
2435,2013,23.4,,67.0
2436,2013,9,,68.0
2437,2013,100,,69.0
2438,2013,43.7,,213.0
2439,2013,3.4,,70.0
2440,2013,,,72.0
2441,2013,36.6,,73.0
2442,2013,100,,74.0
2443,2013,100,,75.0
2444,2013,,,77.0
2445,2013,84.2,,79.0
2446,2013,2.3,,80.0
2447,2013,74.2,,81.0
2448,2013,100,,82.0
2449,2013,19.1,,83.0
2450,2013,,,84.0
2451,2013,100,,85.0
2452,2013,,,86.0
2453,2013,91.5,,87.0
2454,2013,,,89.0
2455,2013,37.8,,90.0
2456,2013,0.8,,92.0
2457,2013,1.1,,93.0
2458,2013,100,,94.0
2459,2013,3.8,,95.0
2460,2013,44.5,,98.0
2461,2013,,,99.0
2462,2013,100,,100.0
2463,2013,100,,101.0
2464,2013,42,,102.0
2465,2013,58.1,,103.0
2466,2013,97.1,,104.0
2467,2013,97.7,,105.0
2468,2013,100,,106.0
2469,2013,,,107.0
2470,2013,100,,108.0
2471,2013,100,,109.0
2472,2013,85.4,,110.0
2473,2013,100,,111.0
2474,2013,99.9,,113.0
2475,2013,92.8,,114.0
2476,2013,9.5,,115.0
2477,2013,4.7,,116.0
2478,2013,7.5,,117.0
2479,2013,100,,118.0
2481,2013,100,,119.0
2482,2013,75.1,,120.0
2483,2013,4.8,,121.0
2484,2013,100,,122.0
2485,2013,,,123.0
2486,2013,34.9,,124.0
2487,2013,0.4,,125.0
2488,2013,,,126.0
2489,2013,,,127.0
2490,2013,100,,128.0
2491,2013,100,,129.0
2492,2013,,,130.0
2493,2013,1,,132.0
2494,2013,2.4,,133.0
2495,2013,94.5,,134.0
2496,2013,97.2,,135.0
2497,2013,1,,136.0
2498,2013,100,,137.0
2499,2013,63,,138.0
2500,2013,42.9,,140.0
2501,2013,98.3,,141.0
2502,2013,84.6,,143.0
2503,2013,12.4,,144.0
2504,2013,94.9,,145.0
2505,2013,100,,146.0
2506,2013,40.7,,147.0
2507,2013,61.9,,148.0
2508,2013,97.7,,150.0
2509,2013,3.5,,151.0
2510,2013,15.3,,152.0
2511,2013,42.8,,153.0
2512,2013,100,,154.0
2513,2013,26.4,,155.0
2514,2013,100,,156.0
2515,2013,,,157.0
2516,2013,100,,158.0
2517,2013,48.3,,159.0
2518,2013,1.7,,160.0
2519,2013,3.2,,161.0
2520,2013,71.5,,131.0
2521,2013,,,164.0
2522,2013,100,,165.0
2523,2013,100,,166.0
2524,2013,39.1,,167.0
2525,2013,43.45,,168.0
2526,2013,100,,170.0
2527,2013,8.5,,171.0
2528,2013,62.8,,172.0
2529,2013,71.7,,173.0
2530,2013,42,,174.0
2531,2013,100,,176.0
2532,2013,100,,177.0
2533,2013,,,178.0
2534,2013,100,,179.0
2535,2013,100,,181.0
2536,2013,99.5,,182.0
2537,2013,0.5,,183.0
2538,2013,29.4,,191.0
2539,2013,100,,192.0
2540,2013,1.7,,193.0
2541,2013,100,,194.0
2542,2013,29,,195.0
2543,2013,70.3,,196.0
2544,2013,100,,197.0
2545,2013,0.5,,198.0
2546,2013,100,,199.0
2547,2013,,,200.0
2548,2013,100,,201.0
2549,2013,100,,202.0
2550,2013,8.3,,203.0
2551,2013,1.6,,204.0
2552,2013,81.4,,205.0
2553,2013,0,,207.0
2554,2013,100,,208.0
2555,2013,24,,209.0
2556,2013,100,,186.0
2557,2013,95.7,,187.0
2558,2013,,,188.0
2559,2013,95,,190.0
2560,2013,41.9,,210.0
2561,2013,89.9,,211.0
2562,2013,100,,214.0
2563,2013,100,,215.0
2564,2013,97.2,,216.0
2565,2013,74.8,,218.0
2566,2013,2.2,,219.0
2567,2013,76.4,,220.0
2568,2013,6.9,,221.0
2569,2013,5.3,,222.0
2570,2013,66.8,,224.0
2571,2013,100,,225.0
2572,2013,99.7,,226.0
2573,2013,94.7,,227.0
2574,2013,99.9,,228.0
2575,2013,,,229.0
2576,2013,60.4,,230.0
2577,2013,0.9,,231.0
2578,2013,95,,232.0
2579,2013,100,,233.0
2580,2013,100,,234.0
2581,2013,100,,235.0
2582,2013,100,,237.0
2583,2013,84.7,,238.0
2584,2013,10.3,,239.0
2585,2013,96.6,,240.0
2586,2013,66.3,,241.0
2587,2013,,,243.0
2588,2013,,,169.0
2589,2013,59.1,,246.0
2590,2013,15,,247.0
2591,2013,30,,248.0
2592,2014,26.1,,0.0
2593,2014,75.2,,2.0
2594,2014,99.5,,3.0
2595,2014,,,4.0
2596,2014,100,,5.0
2597,2014,46.6,,6.0
2598,2014,100,,9.0
2599,2014,99.7,,10.0
2600,2014,97.3,,11.0
2601,2014,,,12.0
2602,2014,100,,13.0
2603,2014,100,,14.0
2604,2014,96.6,,15.0
2605,2014,100,,16.0
2606,2014,100,,17.0
2607,2014,16.8,,18.0
2608,2014,100,,19.0
2609,2014,99.4,,20.0
2610,2014,100,,21.0
2611,2014,83.3,,22.0
2612,2014,5.1,,23.0
2613,2014,,,24.0
2614,2014,76.2,,25.0
2615,2014,81.2,,26.0
2616,2014,41.9,,28.0
2617,2014,61.4,,29.0
2618,2014,95.4,,31.0
2619,2014,,,242.0
2620,2014,100,,33.0
2621,2014,,,34.0
2622,2014,8.2,,35.0
2623,2014,0.2,,36.0
2624,2014,74.35,,40.0
2625,2014,18.2,,37.0
2626,2014,21.9,,38.0
2627,2014,100,,39.0
2628,2014,,,41.0
2629,2014,0.6,,42.0
2630,2014,3.8,,43.0
2631,2014,100,,44.0
2632,2014,68.8,,45.0
2633,2014,88.8,,48.0
2634,2014,5.3,,49.0
2635,2014,3.8,,51.0
2636,2014,24,,50.0
2637,2014,93.9,,53.0
2638,2014,23.3,,54.0
2639,2014,100,,55.0
2640,2014,92,,56.0
2641,2014,,,57.0
2642,2014,100,,58.0
2643,2014,100,,59.0
2644,2014,100,,60.0
2645,2014,8.3,,61.0
2646,2014,88.9,,62.0
2647,2014,88.6,,63.0
2648,2014,94.2,,64.0
2649,2014,99.8,,65.0
2650,2014,83.8,,66.0
2651,2014,23.6,,67.0
2652,2014,9.5,,68.0
2653,2014,100,,69.0
2654,2014,45.2,,213.0
2655,2014,3.8,,70.0
2656,2014,,,72.0
2657,2014,38.3,,73.0
2658,2014,100,,74.0
2659,2014,100,,75.0
2660,2014,,,77.0
2661,2014,85.3,,79.0
2662,2014,2.1,,80.0
2663,2014,76.8,,81.0
2664,2014,100,,82.0
2665,2014,20.2,,83.0
2666,2014,,,84.0
2667,2014,100,,85.0
2668,2014,,,86.0
2669,2014,90.75,,87.0
2670,2014,,,89.0
2671,2014,38.7,,90.0
2672,2014,0.8,,92.0
2673,2014,1.1,,93.0
2674,2014,100,,94.0
2675,2014,3.8,,95.0
2676,2014,45,,98.0
2677,2014,,,99.0
2678,2014,100,,100.0
2679,2014,100,,101.0
2680,2014,44.4,,102.0
2681,2014,63,,103.0
2682,2014,97.1,,104.0
2683,2014,98.2,,105.0
2684,2014,100,,106.0
2685,2014,,,107.0
2686,2014,100,,108.0
2687,2014,100,,109.0
2688,2014,84.8,,110.0
2689,2014,100,,111.0
2690,2014,99.9,,113.0
2691,2014,93,,114.0
2692,2014,10.6,,115.0
2693,2014,5.5,,116.0
2694,2014,8.1,,117.0
2695,2014,100,,118.0
2697,2014,100,,119.0
2698,2014,76,,120.0
2699,2014,5.2,,121.0
2700,2014,100,,122.0
2701,2014,,,123.0
2702,2014,35.9,,124.0
2703,2014,0.4,,125.0
2704,2014,,,126.0
2705,2014,,,127.0
2706,2014,100,,128.0
2707,2014,100,,129.0
2708,2014,,,130.0
2709,2014,1,,132.0
2710,2014,2.3,,133.0
2711,2014,93.5,,134.0
2712,2014,97.9,,135.0
2713,2014,0.9,,136.0
2714,2014,100,,137.0
2715,2014,63.9,,138.0
2716,2014,43.5,,140.0
2717,2014,98.4,,141.0
2718,2014,84.4,,143.0
2719,2014,12.3,,144.0
2720,2014,95.65,,145.0
2721,2014,100,,146.0
2722,2014,42.7,,147.0
2723,2014,61.8,,148.0
2724,2014,97.7,,150.0
2725,2014,3.7,,151.0
2726,2014,18,,152.0
2727,2014,43.5,,153.0
2728,2014,100,,154.0
2729,2014,28.1,,155.0
2730,2014,100,,156.0
2731,2014,,,157.0
2732,2014,100,,158.0
2733,2014,49.6,,159.0
2734,2014,2,,160.0
2735,2014,4.1,,161.0
2736,2014,72.6,,131.0
2737,2014,,,164.0
2738,2014,100,,165.0
2739,2014,100,,166.0
2740,2014,40.4,,167.0
2741,2014,40.7,,168.0
2742,2014,100,,170.0
2743,2014,8.9,,171.0
2744,2014,64.4,,172.0
2745,2014,73.7,,173.0
2746,2014,42.9,,174.0
2747,2014,100,,176.0
2748,2014,100,,177.0
2749,2014,,,178.0
2750,2014,100,,179.0
2751,2014,100,,181.0
2752,2014,99.6,,182.0
2753,2014,0.7,,183.0
2754,2014,30.7,,191.0
2755,2014,100,,192.0
2756,2014,1.9,,193.0
2757,2014,100,,194.0
2758,2014,28.2,,195.0
2759,2014,71.6,,196.0
2760,2014,100,,197.0
2761,2014,0.5,,198.0
2762,2014,100,,199.0
2763,2014,,,200.0
2764,2014,100,,201.0
2765,2014,100,,202.0
2766,2014,8.3,,203.0
2767,2014,1.7,,204.0
2768,2014,82.8,,205.0
2769,2014,0,,207.0
2770,2014,100,,208.0
2771,2014,24.9,,209.0
2772,2014,100,,186.0
2773,2014,95.5,,187.0
2774,2014,,,188.0
2775,2014,94.7,,190.0
2776,2014,45.1,,210.0
2777,2014,90.7,,211.0
2778,2014,100,,214.0
2779,2014,100,,215.0
2780,2014,96.8,,216.0
2781,2014,76.4,,218.0
2782,2014,2.7,,219.0
2783,2014,77.4,,220.0
2784,2014,8,,221.0
2785,2014,6,,222.0
2786,2014,69.7,,224.0
2787,2014,100,,225.0
2788,2014,99.8,,226.0
2789,2014,94.8,,227.0
2790,2014,99.9,,228.0
2791,2014,,,229.0
2792,2014,63.8,,230.0
2793,2014,0.9,,231.0
2794,2014,95.1,,232.0
2795,2014,100,,233.0
2796,2014,100,,234.0
2797,2014,100,,235.0
2798,2014,100,,237.0
2799,2014,84.4,,238.0
2800,2014,9.7,,239.0
2801,2014,96.6,,240.0
2802,2014,72.1,,241.0
2803,2014,,,243.0
2804,2014,,,169.0
2805,2014,58.2,,246.0
2806,2014,14.6,,247.0
2807,2014,30,,248.0
2808,2015,27.6,,0.0
2809,2015,76.6,,2.0
2810,2015,99.6,,3.0
2811,2015,,,4.0
2812,2015,100,,5.0
2813,2015,47.3,,6.0
2814,2015,100,,9.0
2815,2015,99.7,,10.0
2816,2015,97.5,,11.0
2817,2015,,,12.0
2818,2015,100,,13.0
2819,2015,100,,14.0
2820,2015,97,,15.0
2821,2015,100,,16.0
2822,2015,100,,17.0
2823,2015,18.2,,18.0
2824,2015,100,,19.0
2825,2015,99.5,,20.0
2826,2015,100,,21.0
2827,2015,83.4,,22.0
2828,2015,5.3,,23.0
2829,2015,,,24.0
2830,2015,78.1,,25.0
2831,2015,82.35,,26.0
2832,2015,41.8,,28.0
2833,2015,61.8,,29.0
2834,2015,95.7,,31.0
2835,2015,,,242.0
2836,2015,100,,33.0
2837,2015,,,34.0
2838,2015,8.9,,35.0
2839,2015,0.2,,36.0
2840,2015,75.5,,40.0
2841,2015,20.7,,37.0
2842,2015,22.8,,38.0
2843,2015,100,,39.0
2844,2015,,,41.0
2845,2015,0.6,,42.0
2846,2015,4.2,,43.0
2847,2015,100,,44.0
2848,2015,71.5,,45.0
2849,2015,89.4,,48.0
2850,2015,5.8,,49.0
2851,2015,3.8,,51.0
2852,2015,26,,50.0
2853,2015,94.2,,53.0
2854,2015,25.1,,54.0
2855,2015,100,,55.0
2856,2015,92.7,,56.0
2857,2015,,,57.0
2858,2015,100,,58.0
2859,2015,100,,59.0
2860,2015,100,,60.0
2861,2015,8.8,,61.0
2862,2015,89.2,,62.0
2863,2015,89.1,,63.0
2864,2015,94.3,,64.0
2865,2015,99.9,,65.0
2866,2015,85.3,,66.0
2867,2015,23.7,,67.0
2868,2015,9.6,,68.0
2869,2015,100,,69.0
2870,2015,45.8,,213.0
2871,2015,4.3,,70.0
2872,2015,,,72.0
2873,2015,40.2,,73.0
2874,2015,100,,74.0
2875,2015,100,,75.0
2876,2015,,,77.0
2877,2015,86.3,,79.0
2878,2015,2,,80.0
2879,2015,79.2,,81.0
2880,2015,100,,82.0
2881,2015,21.6,,83.0
2882,2015,,,84.0
2883,2015,100,,85.0
2884,2015,,,86.0
2885,2015,90.4,,87.0
2886,2015,,,89.0
2887,2015,39.3,,90.0
2888,2015,0.8,,92.0
2889,2015,1.1,,93.0
2890,2015,100,,94.0
2891,2015,3.9,,95.0
2892,2015,45.9,,98.0
2893,2015,,,99.0
2894,2015,100,,100.0
2895,2015,100,,101.0
2896,2015,47.4,,102.0
2897,2015,67.3,,103.0
2898,2015,97.1,,104.0
2899,2015,98.5,,105.0
2900,2015,100,,106.0
2901,2015,,,107.0
2902,2015,100,,108.0
2903,2015,100,,109.0
2904,2015,83.8,,110.0
2905,2015,100,,111.0
2906,2015,99.9,,113.0
2907,2015,93.2,,114.0
2908,2015,11.9,,115.0
2909,2015,6.3,,116.0
2910,2015,8.8,,117.0
2911,2015,100,,118.0
2913,2015,100,,119.0
2914,2015,76.6,,120.0
2915,2015,5.8,,121.0
2916,2015,100,,122.0
2917,2015,,,123.0
2918,2015,36.8,,124.0
2919,2015,0.4,,125.0
2920,2015,,,126.0
2921,2015,,,127.0
2922,2015,100,,128.0
2923,2015,100,,129.0
2924,2015,,,130.0
2925,2015,1,,132.0
2926,2015,2.3,,133.0
2927,2015,92.7,,134.0
2928,2015,98.4,,135.0
2929,2015,0.9,,136.0
2930,2015,100,,137.0
2931,2015,64.3,,138.0
2932,2015,44.2,,140.0
2933,2015,98.5,,141.0
2934,2015,84.5,,143.0
2935,2015,12.9,,144.0
2936,2015,96.1,,145.0
2937,2015,100,,146.0
2938,2015,44.3,,147.0
2939,2015,61.4,,148.0
2940,2015,97.9,,150.0
2941,2015,3.9,,151.0
2942,2015,20.9,,152.0
2943,2015,44.2,,153.0
2944,2015,100,,154.0
2945,2015,29.7,,155.0
2946,2015,100,,156.0
2947,2015,,,157.0
2948,2015,100,,158.0
2949,2015,51,,159.0
2950,2015,2.2,,160.0
2951,2015,5.5,,161.0
2952,2015,73.5,,131.0
2953,2015,,,164.0
2954,2015,100,,165.0
2955,2015,100,,166.0
2956,2015,42,,167.0
2957,2015,40,,168.0
2958,2015,100,,170.0
2959,2015,8.9,,171.0
2960,2015,65.5,,172.0
2961,2015,75.5,,173.0
2962,2015,44.2,,174.0
2963,2015,100,,176.0
2964,2015,100,,177.0
2965,2015,,,178.0
2966,2015,100,,179.0
2967,2015,100,,181.0
2968,2015,99.5,,182.0
2969,2015,0.9,,183.0
2970,2015,31.6,,191.0
2971,2015,100,,192.0
2972,2015,2.1,,193.0
2973,2015,100,,194.0
2974,2015,27.5,,195.0
2975,2015,72.9,,196.0
2976,2015,100,,197.0
2977,2015,0.6,,198.0
2978,2015,100,,199.0
2979,2015,,,200.0
2980,2015,100,,201.0
2981,2015,100,,202.0
2982,2015,8.3,,203.0
2983,2015,2,,204.0
2984,2015,83.8,,205.0
2985,2015,0,,207.0
2986,2015,100,,208.0
2987,2015,26,,209.0
2988,2015,100,,186.0
2989,2015,95.3,,187.0
2990,2015,,,188.0
2991,2015,94.3,,190.0
2992,2015,48,,210.0
2993,2015,91.5,,211.0
2994,2015,100,,214.0
2995,2015,100,,215.0
2996,2015,96.3,,216.0
2997,2015,77.6,,218.0
2998,2015,3.2,,219.0
2999,2015,78.7,,220.0
3000,2015,9,,221.0
3001,2015,6.7,,222.0
3002,2015,72.5,,224.0
3003,2015,100,,225.0
3004,2015,99.8,,226.0
3005,2015,94.8,,227.0
3006,2015,99.9,,228.0
3007,2015,,,229.0
3008,2015,66.3,,230.0
3009,2015,0.9,,231.0
3010,2015,95.3,,232.0
3011,2015,100,,233.0
3012,2015,100,,234.0
3013,2015,100,,235.0
3014,2015,100,,237.0
3015,2015,83.8,,238.0
3016,2015,9.1,,239.0
3017,2015,96.4,,240.0
3018,2015,78,,241.0
3019,2015,,,243.0
3020,2015,,,169.0
3021,2015,57.4,,246.0
3022,2015,13.9,,247.0
3023,2015,30,,248.0
3024,2016,28.8,,0.0
3025,2016,78.3,,2.0
3026,2016,99.6,,3.0
3027,2016,,,4.0
3028,2016,100,,5.0
3029,2016,47.8,,6.0
3030,2016,100,,9.0
3031,2016,99.8,,10.0
3032,2016,97.6,,11.0
3033,2016,,,12.0
3034,2016,100,,13.0
3035,2016,100,,14.0
3036,2016,97.3,,15.0
3037,2016,100,,16.0
3038,2016,100,,17.0
3039,2016,19.4,,18.0
3040,2016,100,,19.0
3041,2016,99.5,,20.0
3042,2016,100,,21.0
3043,2016,83.2,,22.0
3044,2016,5.2,,23.0
3045,2016,,,24.0
3046,2016,80,,25.0
3047,2016,83.5,,26.0
3048,2016,41.05,,28.0
3049,2016,62.5,,29.0
3050,2016,95.8,,31.0
3051,2016,,,242.0
3052,2016,100,,33.0
3053,2016,,,34.0
3054,2016,10,,35.0
3055,2016,0.2,,36.0
3056,2016,76.7,,40.0
3057,2016,23.4,,37.0
3058,2016,23.6,,38.0
3059,2016,100,,39.0
3060,2016,,,41.0
3061,2016,0.6,,42.0
3062,2016,4.7,,43.0
3063,2016,100,,44.0
3064,2016,74.4,,45.0
3065,2016,90,,48.0
3066,2016,6.3,,49.0
3067,2016,3.9,,51.0
3068,2016,27.7,,50.0
3069,2016,94.6,,53.0
3070,2016,27.3,,54.0
3071,2016,100,,55.0
3072,2016,93.4,,56.0
3073,2016,,,57.0
3074,2016,100,,58.0
3075,2016,100,,59.0
3076,2016,100,,60.0
3077,2016,9.05,,61.0
3078,2016,89.1,,62.0
3079,2016,89.6,,63.0
3080,2016,94.4,,64.0
3081,2016,99.9,,65.0
3082,2016,87,,66.0
3083,2016,23.65,,67.0
3084,2016,9.8,,68.0
3085,2016,100,,69.0
3086,2016,46.7,,213.0
3087,2016,4.9,,70.0
3088,2016,,,72.0
3089,2016,42.7,,73.0
3090,2016,100,,74.0
3091,2016,100,,75.0
3092,2016,,,77.0
3093,2016,87.2,,79.0
3094,2016,1.9,,80.0
3095,2016,81.9,,81.0
3096,2016,100,,82.0
3097,2016,22.9,,83.0
3098,2016,,,84.0
3099,2016,100,,85.0
3100,2016,,,86.0
3101,2016,89.5,,87.0
3102,2016,,,89.0
3103,2016,40.2,,90.0
3104,2016,0.8,,92.0
3105,2016,1.1,,93.0
3106,2016,100,,94.0
3107,2016,3.9,,95.0
3108,2016,46.5,,98.0
3109,2016,,,99.0
3110,2016,100,,100.0
3111,2016,100,,101.0
3112,2016,50.9,,102.0
3113,2016,71.6,,103.0
3114,2016,97,,104.0
3115,2016,98.8,,105.0
3116,2016,100,,106.0
3117,2016,,,107.0
3118,2016,100,,108.0
3119,2016,100,,109.0
3120,2016,82.7,,110.0
3121,2016,100,,111.0
3122,2016,99.9,,113.0
3123,2016,93.4,,114.0
3124,2016,13.8,,115.0
3125,2016,7.2,,116.0
3126,2016,9.3,,117.0
3127,2016,100,,118.0
3129,2016,100,,119.0
3130,2016,76.9,,120.0
3131,2016,6.2,,121.0
3132,2016,100,,122.0
3133,2016,,,123.0
3134,2016,37.8,,124.0
3135,2016,0.4,,125.0
3136,2016,,,126.0
3137,2016,,,127.0
3138,2016,100,,128.0
3139,2016,100,,129.0
3140,2016,,,130.0
3141,2016,1,,132.0
3142,2016,2.2,,133.0
3143,2016,91.6,,134.0
3144,2016,98.8,,135.0
3145,2016,1,,136.0
3146,2016,100,,137.0
3147,2016,64.7,,138.0
3148,2016,44.6,,140.0
3149,2016,98.7,,141.0
3150,2016,84.7,,143.0
3151,2016,12.8,,144.0
3152,2016,96.6,,145.0
3153,2016,100,,146.0
3154,2016,45.9,,147.0
3155,2016,61.6,,148.0
3156,2016,97.9,,150.0
3157,2016,4.2,,151.0
3158,2016,24.3,,152.0
3159,2016,44.8,,153.0
3160,2016,100,,154.0
3161,2016,31.3,,155.0
3162,2016,100,,156.0
3163,2016,,,157.0
3164,2016,100,,158.0
3165,2016,52.1,,159.0
3166,2016,2.6,,160.0
3167,2016,7.3,,161.0
3168,2016,75.1,,131.0
3169,2016,,,164.0
3170,2016,100,,165.0
3171,2016,100,,166.0
3172,2016,43.3,,167.0
3173,2016,39.1,,168.0
3174,2016,100,,170.0
3175,2016,9.1,,171.0
3176,2016,66.4,,172.0
3177,2016,77.6,,173.0
3178,2016,45.7,,174.0
3179,2016,100,,176.0
3180,2016,100,,177.0
3181,2016,,,178.0
3182,2016,100,,179.0
3183,2016,100,,181.0
3184,2016,99.5,,182.0
3185,2016,1.2,,183.0
3186,2016,32.65,,191.0
3187,2016,100,,192.0
3188,2016,2.4,,193.0
3189,2016,100,,194.0
3190,2016,27.3,,195.0
3191,2016,74,,196.0
3192,2016,100,,197.0
3193,2016,0.6,,198.0
3194,2016,100,,199.0
3195,2016,,,200.0
3196,2016,100,,201.0
3197,2016,100,,202.0
3198,2016,8.4,,203.0
3199,2016,2.4,,204.0
3200,2016,84.9,,205.0
3201,2016,0,,207.0
3202,2016,100,,208.0
3203,2016,27.3,,209.0
3204,2016,100,,186.0
3205,2016,95.1,,187.0
3206,2016,,,188.0
3207,2016,93.8,,190.0
3208,2016,51.1,,210.0
3209,2016,92.2,,211.0
3210,2016,100,,214.0
3211,2016,100,,215.0
3212,2016,95.7,,216.0
3213,2016,79.3,,218.0
3214,2016,3.9,,219.0
3215,2016,79.8,,220.0
3216,2016,10.2,,221.0
3217,2016,7.6,,222.0
3218,2016,75.5,,224.0
3219,2016,100,,225.0
3220,2016,99.8,,226.0
3221,2016,95,,227.0
3222,2016,99.9,,228.0
3223,2016,,,229.0
3224,2016,69.1,,230.0
3225,2016,0.8,,231.0
3226,2016,95.2,,232.0
3227,2016,100,,233.0
3228,2016,100,,234.0
3229,2016,100,,235.0
3230,2016,100,,237.0
3231,2016,83.3,,238.0
3232,2016,8.7,,239.0
3233,2016,96.2,,240.0
3234,2016,83.6,,241.0
3235,2016,,,243.0
3236,2016,,,169.0
3237,2016,56.5,,246.0
3238,2016,13.4,,247.0
3239,2016,30,,248.0
3240,2017,30.3,,0.0
3241,2017,79.6,3.04,2.0
3242,2017,99.7,4.06,3.0
3243,2017,,,4.0
3244,2017,100,,5.0
3245,2017,48.3,3.44,6.0
3246,2017,100,3.93,9.0
3247,2017,99.8,3.32,10.0
3248,2017,97.7,3.21,11.0
3249,2017,,3.47,12.0
3250,2017,100,2.33,13.0
3251,2017,100,2.06,14.0
3252,2017,97.6,2.87,15.0
3253,2017,100,4.28,16.0
3254,2017,100,3.07,17.0
3255,2017,20.7,3.03,18.0
3256,2017,100,,19.0
3257,2017,99.6,3.13,20.0
3258,2017,100,2,21.0
3259,2017,83.2,2.5,22.0
3260,2017,5.2,2.84,23.0
3261,2017,,2.95,24.0
3262,2017,81.9,4.07,25.0
3263,2017,84.6,3.5,26.0
3264,2017,41.3,4.07,28.0
3265,2017,63,3.13,29.0
3266,2017,96.1,3.22,31.0
3267,2017,,3.54,242.0
3268,2017,100,3.98,33.0
3269,2017,,3.39,34.0
3270,2017,10.8,2.67,35.0
3271,2017,0.1,3.34,36.0
3272,2017,77.9,3.2,40.0
3273,2017,26.9,3.72,37.0
3274,2017,24.3,2.58,38.0
3275,2017,100,3.08,39.0
3276,2017,,3.58,41.0
3277,2017,0.7,2.96,42.0
3278,2017,5.2,2.75,43.0
3279,2017,100,3.38,44.0
3280,2017,77.1,2.68,45.0
3281,2017,90.7,2.84,48.0
3282,2017,6.7,4.55,49.0
3283,2017,3.9,4.3,51.0
3284,2017,30,3.02,50.0
3285,2017,95,3.54,53.0
3286,2017,29.6,2.46,54.0
3287,2017,100,3.31,55.0
3288,2017,93.65,,56.0
3289,2017,,3.02,57.0
3290,2017,100,2.89,58.0
3291,2017,100,2.81,59.0
3292,2017,100,2.2,60.0
3293,2017,9.6,2.79,61.0
3294,2017,88.9,4.3,62.0
3295,2017,90.2,3.33,63.0
3296,2017,94.4,2.5,64.0
3297,2017,99.9,3.83,65.0
3298,2017,88.3,,66.0
3299,2017,23.3,3.68,67.0
3300,2017,9.8,,68.0
3301,2017,100,3.14,69.0
3302,2017,47.2,3.37,213.0
3303,2017,5.4,2.83,70.0
3304,2017,,,72.0
3305,2017,44.9,3.24,73.0
3306,2017,100,2.53,74.0
3307,2017,100,2.58,75.0
3308,2017,,,77.0
3309,2017,88,3.25,79.0
3310,2017,1.8,2.65,80.0
3311,2017,84.2,,81.0
3312,2017,100,2.64,82.0
3313,2017,24.2,3.46,83.0
3314,2017,,,84.0
3315,2017,100,2.93,85.0
3316,2017,,,86.0
3317,2017,88.9,4.52,87.0
3318,2017,,,89.0
3319,2017,41,2.43,90.0
3320,2017,0.8,2.27,92.0
3321,2017,1.1,2.95,93.0
3322,2017,100,4.63,94.0
3323,2017,4,3.93,95.0
3324,2017,46.9,3.63,98.0
3325,2017,,3.64,99.0
3326,2017,100,3.36,100.0
3327,2017,100,2.38,101.0
3328,2017,54.3,2.86,102.0
3329,2017,75.5,3.69,103.0
3330,2017,96.8,3.01,104.0
3331,2017,99,3.38,105.0
3332,2017,100,2.33,106.0
3333,2017,,,107.0
3334,2017,100,2.51,108.0
3335,2017,100,2.74,109.0
3336,2017,81.7,4.94,110.0
3337,2017,100,5.48,111.0
3338,2017,99.9,2.95,113.0
3339,2017,93.4,2.12,114.0
3340,2017,15.75,2.79,115.0
3341,2017,8.2,,116.0
3342,2017,10,,117.0
3343,2017,100,4.73,118.0
3345,2017,100,2.17,119.0
3346,2017,77.2,3.23,120.0
3347,2017,6.8,3.8,121.0
3348,2017,100,3.04,122.0
3349,2017,,1.47,123.0
3350,2017,38.7,3.52,124.0
3351,2017,0.5,3.08,125.0
3352,2017,,,126.0
3353,2017,,,127.0
3354,2017,100,2.85,128.0
3355,2017,100,2.46,129.0
3356,2017,,,130.0
3357,2017,1,3.03,132.0
3358,2017,2,2.46,133.0
3359,2017,90.7,2.99,134.0
3360,2017,99.1,3.45,135.0
3361,2017,1,2.87,136.0
3362,2017,100,3.35,137.0
3363,2017,64.9,,138.0
3364,2017,45.2,3.73,140.0
3365,2017,98.8,3.43,141.0
3366,2017,84.8,2.9,143.0
3367,2017,12.9,,144.0
3368,2017,96.8,2.35,145.0
3369,2017,100,,146.0
3370,2017,47.6,4.22,147.0
3371,2017,61.6,3.21,148.0
3372,2017,98.1,2.6,150.0
3373,2017,4.5,2.81,151.0
3374,2017,27.9,3.71,152.0
3375,2017,45.5,3.28,153.0
3376,2017,100,,154.0
3377,2017,32.8,3.3,155.0
3378,2017,100,2.21,156.0
3379,2017,,,157.0
3380,2017,100,2.65,158.0
3381,2017,53.4,3.67,159.0
3382,2017,2.9,3.22,160.0
3383,2017,9.8,2.88,161.0
3384,2017,75.7,3.29,131.0
3385,2017,,,164.0
3386,2017,100,3.32,165.0
3387,2017,100,2.32,166.0
3388,2017,44.5,2.93,167.0
3389,2017,36.5,,168.0
3390,2017,100,3.99,170.0
3391,2017,9.3,,171.0
3392,2017,67.2,3.69,172.0
3393,2017,79.5,3.28,173.0
3394,2017,47.8,3.38,174.0
3395,2017,100,2.95,176.0
3396,2017,100,2.64,177.0
3397,2017,,,178.0
3398,2017,100,2.31,179.0
3399,2017,100,2.79,181.0
3400,2017,99.5,2.25,182.0
3401,2017,1.7,3.09,183.0
3402,2017,33.9,,191.0
3403,2017,100,,192.0
3404,2017,2.6,2.33,193.0
3405,2017,100,2.49,194.0
3406,2017,27.7,2.66,195.0
3407,2017,75.8,3.56,196.0
3408,2017,100,3.51,197.0
3409,2017,0.7,2.69,198.0
3410,2017,100,2.83,199.0
3411,2017,,4.46,200.0
3412,2017,100,2.46,201.0
3413,2017,100,2.6,202.0
3414,2017,8.4,,203.0
3415,2017,2.7,,204.0
3416,2017,85.8,3.05,205.0
3417,2017,0,,207.0
3418,2017,100,2.53,208.0
3419,2017,28.7,3.58,209.0
3420,2017,100,3.35,186.0
3421,2017,94.7,3.44,187.0
3422,2017,,,188.0
3423,2017,93.5,4.34,190.0
3424,2017,54.1,2.53,210.0
3425,2017,92.9,4.42,211.0
3426,2017,100,2.71,214.0
3427,2017,100,2.39,215.0
3428,2017,95,,216.0
3429,2017,80.6,3.11,218.0
3430,2017,4.5,2.21,219.0
3431,2017,81,4.03,220.0
3432,2017,11.15,,221.0
3433,2017,8.1,2.46,222.0
3434,2017,78,,224.0
3435,2017,100,3.91,225.0
3436,2017,99.8,3.66,226.0
3437,2017,95,3.44,227.0
3438,2017,99.9,,228.0
3439,2017,,2.81,229.0
3440,2017,70.4,,230.0
3441,2017,0.8,3.12,231.0
3442,2017,95.1,,232.0
3443,2017,100,2.42,233.0
3444,2017,100,1.7,234.0
3445,2017,100,2.17,235.0
3446,2017,100,2.87,237.0
3447,2017,82.5,4.11,238.0
3448,2017,8,,239.0
3449,2017,96.1,,240.0
3450,2017,88,3.14,241.0
3451,2017,,,243.0
3452,2017,,2.62,169.0
3453,2017,55.4,,246.0
3454,2017,12.6,2.73,247.0
3455,2017,30.1,3.46,248.0
3456,2018,31.4,,0.0
3457,2018,80.7,3.13,2.0
3458,2018,99.7,4.13,3.0
3459,2018,,,4.0
3460,2018,100,,5.0
3461,2018,48.6,3.42,6.0
3462,2018,100,4.11,9.0
3463,2018,99.8,,10.0
3464,2018,97.8,3.28,11.0
3465,2018,,3.68,12.0
3466,2018,100,2.36,13.0
3467,2018,100,2.11,14.0
3468,2018,97.8,2.93,15.0
3469,2018,100,4.39,16.0
3470,2018,100,3.15,17.0
3471,2018,21.9,3.13,18.0
3472,2018,100,,19.0
3473,2018,99.7,3.18,20.0
3474,2018,100,2.07,21.0
3475,2018,83,2.55,22.0
3476,2018,5.3,2.94,23.0
3477,2018,,2.74,24.0
3478,2018,83.3,4.26,25.0
3479,2018,85.6,3.6,26.0
3480,2018,40.8,4.13,28.0
3481,2018,63.7,3.09,29.0
3482,2018,96.2,3.21,31.0
3483,2018,,3.37,242.0
3484,2018,100,4.11,33.0
3485,2018,,3.47,34.0
3486,2018,11.9,2.78,35.0
3487,2018,0.1,3.13,36.0
3488,2018,79,3.26,40.0
3489,2018,31.2,3.81,37.0
3490,2018,25.3,2.65,38.0
3491,2018,100,3.13,39.0
3492,2018,,3.52,41.0
3493,2018,0.7,3.03,42.0
3494,2018,6,2.66,43.0
3495,2018,100,3.52,44.0
3496,2018,79.5,2.74,45.0
3497,2018,91.4,2.87,48.0
3498,2018,7.4,,49.0
3499,2018,3.9,3.8,51.0
3500,2018,31.8,3.06,50.0
3501,2018,95.3,3.58,53.0
3502,2018,32.1,2.52,54.0
3503,2018,100,3.35,55.0
3504,2018,94.2,,56.0
3505,2018,,3.15,57.0
3506,2018,100,2.93,58.0
3507,2018,100,2.83,59.0
3508,2018,100,2.26,60.0
3509,2018,9.8,2.86,61.0
3510,2018,88.5,4.46,62.0
3511,2018,90.7,3.41,63.0
3512,2018,94.5,2.52,64.0
3513,2018,99.9,3.88,65.0
3514,2018,89.7,,66.0
3515,2018,23.3,3.75,67.0
3516,2018,10.1,,68.0
3517,2018,100,3.21,69.0
3518,2018,47.7,3.29,213.0
3519,2018,6,2.86,70.0
3520,2018,,,72.0
3521,2018,47.3,3.3,73.0
3522,2018,100,2.61,74.0
3523,2018,100,2.66,75.0
3524,2018,,,77.0
3525,2018,88.8,3.3,79.0
3526,2018,1.8,2.71,80.0
3527,2018,86,,81.0
3528,2018,100,2.77,82.0
3529,2018,25.9,3.54,83.0
3530,2018,,,84.0
3531,2018,100,2.99,85.0
3532,2018,,,86.0
3533,2018,88.2,4.65,87.0
3534,2018,,,89.0
3535,2018,42,2.58,90.0
3536,2018,0.9,2.39,92.0
3537,2018,1.1,3.03,93.0
3538,2018,100,4.74,94.0
3539,2018,4.1,4.08,95.0
3540,2018,47.6,3.69,98.0
3541,2018,,3.81,99.0
3542,2018,100,3.45,100.0
3543,2018,100,2.41,101.0
3544,2018,58.6,2.87,102.0
3545,2018,78.9,3.82,103.0
3546,2018,96.6,3.21,104.0
3547,2018,99.1,3.47,105.0
3548,2018,100,2.27,106.0
3549,2018,,,107.0
3550,2018,100,2.58,108.0
3551,2018,100,2.83,109.0
3552,2018,79.8,5.08,110.0
3553,2018,100,5.65,111.0
3554,2018,99.9,2.98,113.0
3555,2018,93.4,2.15,114.0
3556,2018,18.1,2.77,115.0
3557,2018,9.3,,116.0
3558,2018,10.6,,117.0
3559,2018,100,4.92,118.0
3561,2018,100,2.21,119.0
3562,2018,77.3,3.19,120.0
3563,2018,7.3,3.87,121.0
3564,2018,100,3.03,122.0
3565,2018,,1.49,123.0
3566,2018,39.2,3.62,124.0
3567,2018,0.5,3.09,125.0
3568,2018,,,126.0
3569,2018,,,127.0
3570,2018,100,2.87,128.0
3571,2018,100,2.59,129.0
3572,2018,,,130.0
3573,2018,1.1,3.17,132.0
3574,2018,1.9,2.53,133.0
3575,2018,89.5,3.08,134.0
3576,2018,99.3,3.5,135.0
3577,2018,1,3,136.0
3578,2018,100,3.49,137.0
3579,2018,65.1,,138.0
3580,2018,46,3.87,140.0
3581,2018,98.8,3.52,141.0
3582,2018,85,2.97,143.0
3583,2018,13.1,,144.0
3584,2018,97,2.46,145.0
3585,2018,100,,146.0
3586,2018,48.9,4.33,147.0
3587,2018,61.75,3.24,148.0
3588,2018,98.1,2.64,150.0
3589,2018,4.6,2.77,151.0
3590,2018,31.9,3.79,152.0
3591,2018,46,3.33,153.0
3592,2018,100,,154.0
3593,2018,34.3,3.34,155.0
3594,2018,100,2.27,156.0
3595,2018,,,157.0
3596,2018,100,2.57,158.0
3597,2018,54.6,3.73,159.0
3598,2018,3.3,3.17,160.0
3599,2018,12.9,3.01,161.0
3600,2018,76.8,3.3,131.0
3601,2018,,,164.0
3602,2018,100,3.43,165.0
3603,2018,100,2.34,166.0
3604,2018,46.3,2.91,167.0
3605,2018,34.8,,168.0
3606,2018,100,4.03,170.0
3607,2018,9.5,,171.0
3608,2018,67.7,3.77,172.0
3609,2018,81.4,3.26,173.0
3610,2018,49.9,3.52,174.0
3611,2018,100,3.03,176.0
3612,2018,100,2.73,177.0
3613,2018,,,178.0
3614,2018,100,2.36,179.0
3615,2018,100,2.84,181.0
3616,2018,99.5,2.28,182.0
3617,2018,2.4,2.94,183.0
3618,2018,34.8,,191.0
3619,2018,100,,192.0
3620,2018,2.8,2.4,193.0
3621,2018,100,2.65,194.0
3622,2018,28.2,2.73,195.0
3623,2018,77.1,3.64,196.0
3624,2018,100,3.47,197.0
3625,2018,0.7,2.8,198.0
3626,2018,100,2.92,199.0
3627,2018,,4.79,200.0
3628,2018,100,2.53,201.0
3629,2018,100,2.7,202.0
3630,2018,8.4,,203.0
3631,2018,3,,204.0
3632,2018,86.6,3.08,205.0
3633,2018,0,,207.0
3634,2018,100,2.57,208.0
3635,2018,29.9,3.58,209.0
3636,2018,100,3.55,186.0
3637,2018,94.5,3.59,187.0
3638,2018,,,188.0
3639,2018,93.1,4.45,190.0
3640,2018,56.25,2.7,210.0
3641,2018,93.6,4.65,211.0
3642,2018,100,2.77,214.0
3643,2018,100,2.45,215.0
3644,2018,94.6,,216.0
3645,2018,81.7,3.12,218.0
3646,2018,5.3,2.25,219.0
3647,2018,82.2,4.1,220.0
3648,2018,12.4,,221.0
3649,2018,9,2.5,222.0
3650,2018,80.8,,224.0
3651,2018,100,4.01,225.0
3652,2018,99.8,3.74,226.0
3653,2018,95.1,3.58,227.0
3654,2018,99.9,,228.0
3655,2018,,2.9,229.0
3656,2018,72,,230.0
3657,2018,0.8,3.08,231.0
3658,2018,95.3,,232.0
3659,2018,100,2.5,233.0
3660,2018,100,1.75,234.0
3661,2018,100,2.18,235.0
3662,2018,100,2.96,237.0
3663,2018,82,4.3,238.0
3664,2018,7.6,,239.0
3665,2018,95.9,,240.0
3666,2018,91.7,3.2,241.0
3667,2018,,,243.0
3668,2018,,2.66,169.0
3669,2018,54,,246.0
3670,2018,11.9,2.79,247.0
3671,2018,30.3,,248.0
3672,2019,32.6,,0.0
3673,2019,82,3.32,2.0
3674,2019,99.7,4.1,3.0
3675,2019,,,4.0
3676,2019,100,,5.0
3677,2019,49,3.46,6.0
3678,2019,100,4.2,9.0
3679,2019,99.9,,10.0
3680,2019,97.9,3.36,11.0
3681,2019,,3.97,12.0
3682,2019,100,2.4,13.0
3683,2019,100,2.19,14.0
3684,2019,98.1,3,15.0
3685,2019,100,4.36,16.0
3686,2019,100,3.25,17.0
3687,2019,23.5,3.18,18.0
3688,2019,100,,19.0
3689,2019,99.7,3.26,20.0
3690,2019,100,2.16,21.0
3691,2019,83,2.6,22.0
3692,2019,5.4,2.93,23.0
3693,2019,,2.78,24.0
3694,2019,84.7,4.38,25.0
3695,2019,86.6,3.72,26.0
3696,2019,42.05,4.34,28.0
3697,2019,64.4,3.1,29.0
3698,2019,96.4,3.3,31.0
3699,2019,,3.59,242.0
3700,2019,100,4.17,33.0
3701,2019,,3.67,34.0
3702,2019,13.1,2.73,35.0
3703,2019,0.1,3.11,36.0
3704,2019,80.2,3.33,40.0
3705,2019,35.7,3.88,37.0
3706,2019,26.4,2.71,38.0
3707,2019,100,3.19,39.0
3708,2019,,3.32,41.0
3709,2019,0.8,3.08,42.0
3710,2019,6.7,2.59,43.0
3711,2019,100,3.67,44.0
3712,2019,82,2.91,45.0
3713,2019,91.9,2.95,48.0
3714,2019,7.8,,49.0
3715,2019,4,3.52,51.0
3716,2019,33.9,3.04,50.0
3717,2019,95.6,3.67,53.0
3718,2019,34.7,2.63,54.0
3719,2019,100,3.44,55.0
3720,2019,94.4,,56.0
3721,2019,,3.31,57.0
3722,2019,100,3.04,58.0
3723,2019,100,2.97,59.0
3724,2019,100,2.34,60.0
3725,2019,10.2,2.98,61.0
3726,2019,88.1,4.56,62.0
3727,2019,91.3,3.54,63.0
3728,2019,94.4,2.56,64.0
3729,2019,99.9,3.88,65.0
3730,2019,90.9,,66.0
3731,2019,23.1,3.79,67.0
3732,2019,10.2,,68.0
3733,2019,100,3.35,69.0
3734,2019,48.1,3.33,213.0
3735,2019,6.6,2.99,70.0
3736,2019,,,72.0
3737,2019,49.3,3.46,73.0
3738,2019,100,2.72,74.0
3739,2019,100,2.83,75.0
3740,2019,,,77.0
3741,2019,89.3,3.38,79.0
3742,2019,1.8,2.75,80.0
3743,2019,87.8,,81.0
3744,2019,100,2.87,82.0
3745,2019,26.9,3.62,83.0
3746,2019,,,84.0
3747,2019,100,3.1,85.0
3748,2019,,,86.0
3749,2019,87.5,4.72,87.0
3750,2019,,,89.0
3751,2019,43.2,2.73,90.0
3752,2019,0.9,2.48,92.0
3753,2019,1.1,3.11,93.0
3754,2019,100,4.83,94.0
3755,2019,4.2,4.28,95.0
3756,2019,48.1,3.68,98.0
3757,2019,,3.93,99.0
3758,2019,100,3.6,100.0
3759,2019,100,2.52,101.0
3760,2019,62.2,2.92,102.0
3761,2019,82.1,3.83,103.0
3762,2019,96.5,3.64,104.0
3763,2019,99.3,3.54,105.0
3764,2019,100,2.3,106.0
3765,2019,,,107.0
3766,2019,100,2.6,108.0
3767,2019,100,3.01,109.0
3768,2019,79.1,5.29,110.0
3769,2019,100,5.57,111.0
3770,2019,99.9,3.02,113.0
3771,2019,93.4,2.25,114.0
3772,2019,20.7,2.85,115.0
3773,2019,10.45,,116.0
3774,2019,11.3,,117.0
3775,2019,100,4.9,118.0
3777,2019,100,2.25,119.0
3778,2019,77.3,3.25,120.0
3779,2019,8,3.99,121.0
3780,2019,100,3.19,122.0
3781,2019,,1.53,123.0
3782,2019,39.8,3.74,124.0
3783,2019,0.6,3.18,125.0
3784,2019,,,126.0
3785,2019,,,127.0
3786,2019,100,3.04,128.0
3787,2019,100,2.62,129.0
3788,2019,,,130.0
3789,2019,1.3,3.2,132.0
3790,2019,1.8,2.7,133.0
3791,2019,88.2,3.16,134.0
3792,2019,99.5,3.53,135.0
3793,2019,1.1,2.93,136.0
3794,2019,100,3.75,137.0
3795,2019,64.7,,138.0
3796,2019,46.5,3.95,140.0
3797,2019,98.9,3.56,141.0
3798,2019,85.2,2.98,143.0
3799,2019,13.1,,144.0
3800,2019,97.3,2.57,145.0
3801,2019,100,,146.0
3802,2019,50.4,4.55,147.0
3803,2019,61.85,3.49,148.0
3804,2019,98.1,2.65,150.0
3805,2019,4.9,2.84,151.0
3806,2019,36.1,3.86,152.0
3807,2019,46.5,3.41,153.0
3808,2019,100,,154.0
3809,2019,35.5,3.41,155.0
3810,2019,100,2.4,156.0
3811,2019,,,157.0
3812,2019,100,2.7,158.0
3813,2019,55.9,3.77,159.0
3814,2019,3.7,3.15,160.0
3815,2019,16.35,3.12,161.0
3816,2019,78.2,3.48,131.0
3817,2019,,,164.0
3818,2019,100,3.53,165.0
3819,2019,100,2.41,166.0
3820,2019,47.8,2.97,167.0
3821,2019,33.4,,168.0
3822,2019,100,4.13,170.0
3823,2019,9.5,,171.0
3824,2019,68.1,3.78,172.0
3825,2019,83.3,3.3,173.0
3826,2019,52.3,3.57,174.0
3827,2019,100,3.25,176.0
3828,2019,100,2.85,177.0
3829,2019,,,178.0
3830,2019,100,2.42,179.0
3831,2019,100,3.03,181.0
3832,2019,99.5,2.33,182.0
3833,2019,3.3,3.01,183.0
3834,2019,36.3,,191.0
3835,2019,100,,192.0
3836,2019,3.1,2.48,193.0
3837,2019,100,2.82,194.0
3838,2019,28.85,2.77,195.0
3839,2019,78.7,3.84,196.0
3840,2019,100,3.46,197.0
3841,2019,0.7,2.7,198.0
3842,2019,100,2.99,199.0
3843,2019,,4.81,200.0
3844,2019,100,2.69,201.0
3845,2019,100,2.85,202.0
3846,2019,8.6,,203.0
3847,2019,3.3,,204.0
3848,2019,87.4,3.12,205.0
3849,2019,0,,207.0
3850,2019,100,2.71,208.0
3851,2019,31.1,3.55,209.0
3852,2019,100,3.7,186.0
3853,2019,94,3.71,187.0
3854,2019,,,188.0
3855,2019,92.3,4.51,190.0
3856,2019,58.9,2.96,210.0
3857,2019,94.3,4.75,211.0
3858,2019,100,2.91,214.0
3859,2019,100,2.55,215.0
3860,2019,93.6,,216.0
3861,2019,83.1,3.29,218.0
3862,2019,6.2,2.27,219.0
3863,2019,83.1,4.25,220.0
3864,2019,13.7,,221.0
3865,2019,9.6,2.52,222.0
3866,2019,83.6,,224.0
3867,2019,100,4.07,225.0
3868,2019,99.8,3.82,226.0
3869,2019,95.2,3.87,227.0
3870,2019,99.9,,228.0
3871,2019,,2.97,229.0
3872,2019,73.1,,230.0
3873,2019,0.8,3.04,231.0
3874,2019,95.2,,232.0
3875,2019,100,2.55,233.0
3876,2019,100,1.83,234.0
3877,2019,100,2.2,235.0
3878,2019,100,3.04,237.0
3879,2019,81.1,4.48,238.0
3880,2019,7.25,,239.0
3881,2019,95.8,,240.0
3882,2019,94.2,3.3,241.0
3883,2019,,,243.0
3884,2019,,2.74,169.0
3885,2019,52.6,,246.0
3886,2019,11.1,2.88,247.0
3887,2019,30.3,,248.0
3888,2020,33.8,,0.0
3889,2020,83.1,3.4,2.0
3890,2020,99.7,4.06,3.0
3891,2020,,,4.0
3892,2020,100,,5.0
3893,2020,49.7,3.65,6.0
3894,2020,100,4.31,9.0
3895,2020,99.9,,10.0
3896,2020,97.9,3.37,11.0
3897,2020,,4.09,12.0
3898,2020,100,2.51,13.0
3899,2020,100,2.31,14.0
3900,2020,98.1,3.09,15.0
3901,2020,100,4.49,16.0
3902,2020,100,3.48,17.0
3903,2020,24.9,3.23,18.0
3904,2020,100,,19.0
3905,2020,99.7,3.26,20.0
3906,2020,100,2.28,21.0
3907,2020,82.9,2.66,22.0
3908,2020,5.7,2.97,23.0
3909,2020,,2.69,24.0
3910,2020,86,4.66,25.0
3911,2020,87.4,3.71,26.0
3912,2020,40.85,4.34,28.0
3913,2020,64.8,3.2,29.0
3914,2020,96.4,3.53,31.0
3915,2020,,3.52,242.0
3916,2020,100,4.25,33.0
3917,2020,,3.8,34.0
3918,2020,14.5,2.82,35.0
3919,2020,0.1,3.29,36.0
3920,2020,81.1,3.4,40.0
3921,2020,41.3,4,37.0
3922,2020,27.4,2.77,38.0
3923,2020,100,3.33,39.0
3924,2020,,3.56,41.0
3925,2020,0.9,3.12,42.0
3926,2020,7.5,2.75,43.0
3927,2020,100,3.79,44.0
3928,2020,83.8,3.11,45.0
3929,2020,92.6,3.15,48.0
3930,2020,8.3,,49.0
3931,2020,4.1,3.3,51.0
3932,2020,35.9,3.09,50.0
3933,2020,95.9,3.56,53.0
3934,2020,37.4,2.71,54.0
3935,2020,100,3.53,55.0
3936,2020,94.7,,56.0
3937,2020,,3.41,57.0
3938,2020,100,3.14,58.0
3939,2020,100,3,59.0
3940,2020,100,2.41,60.0
3941,2020,10.1,3.1,61.0
3942,2020,87.55,4.67,62.0
3943,2020,91.9,3.68,63.0
3944,2020,94.4,2.62,64.0
3945,2020,99.9,3.73,65.0
3946,2020,91.9,,66.0
3947,2020,22.8,3.83,67.0
3948,2020,10.4,,68.0
3949,2020,100,3.43,69.0
3950,2020,48.6,3.34,213.0
3951,2020,7.4,3.1,70.0
3952,2020,,,72.0
3953,2020,51.8,3.51,73.0
3954,2020,100,2.81,74.0
3955,2020,100,2.94,75.0
3956,2020,,,77.0
3957,2020,90,3.44,79.0
3958,2020,1.8,2.8,80.0
3959,2020,89.6,,81.0
3960,2020,100,2.97,82.0
3961,2020,28.3,3.7,83.0
3962,2020,,,84.0
3963,2020,100,3.13,85.0
3964,2020,,,86.0
3965,2020,86.7,4.87,87.0
3966,2020,,,89.0
3967,2020,44,2.85,90.0
3968,2020,1,2.56,92.0
3969,2020,1,3.2,93.0
3970,2020,100,4.89,94.0
3971,2020,4.3,4.49,95.0
3972,2020,48.9,3.77,98.0
3973,2020,,4.13,99.0
3974,2020,100,3.69,100.0
3975,2020,100,2.7,101.0
3976,2020,66.8,3.01,102.0
3977,2020,84.8,3.99,103.0
3978,2020,96.4,3.61,104.0
3979,2020,99.3,3.54,105.0
3980,2020,100,2.22,106.0
3981,2020,,,107.0
3982,2020,100,2.61,108.0
3983,2020,100,3.09,109.0
3984,2020,76.4,5.53,110.0
3985,2020,100,5.8,111.0
3986,2020,99.9,3.12,113.0
3987,2020,93.5,2.35,114.0
3988,2020,23.6,2.91,115.0
3989,2020,11.8,,116.0
3990,2020,12.3,,117.0
3991,2020,100,5.19,118.0
3993,2020,100,2.34,119.0
3994,2020,77.1,3.46,120.0
3995,2020,8.7,4.17,121.0
3996,2020,100,3.28,122.0
3997,2020,,2.97,123.0
3998,2020,40.2,3.98,124.0
3999,2020,0.7,3.37,125.0
4000,2020,,,126.0
4001,2020,,,127.0
4002,2020,100,3.07,128.0
4003,2020,100,2.62,129.0
4004,2020,,,130.0
4005,2020,1.35,3.23,132.0
4006,2020,1.7,2.84,133.0
4007,2020,86.9,3.28,134.0
4008,2020,99.6,3.72,135.0
4009,2020,1.1,3.02,136.0
4010,2020,100,3.74,137.0
4011,2020,64.8,,138.0
4012,2020,47.3,3.99,140.0
4013,2020,98.9,3.74,141.0
4014,2020,85.4,3.07,143.0
4015,2020,13.2,,144.0
4016,2020,97.4,2.69,145.0
4017,2020,100,,146.0
4018,2020,51.7,4.74,147.0
4019,2020,62.1,3.43,148.0
4020,2020,98.1,2.69,150.0
4021,2020,5.2,2.97,151.0
4022,2020,40.75,3.94,152.0
4023,2020,46.9,3.55,153.0
4024,2020,100,,154.0
4025,2020,36.9,3.52,155.0
4026,2020,100,2.5,156.0
4027,2020,,,157.0
4028,2020,100,2.83,158.0
4029,2020,56.9,3.84,159.0
4030,2020,4.3,3.28,160.0
4031,2020,19.8,3.24,161.0
4032,2020,79.6,3.51,131.0
4033,2020,,,164.0
4034,2020,100,3.62,165.0
4035,2020,100,2.49,166.0
4036,2020,49.4,3.16,167.0
4037,2020,33.2,,168.0
4038,2020,100,4.22,170.0
4039,2020,9.6,,171.0
4040,2020,68.3,3.81,172.0
4041,2020,84.8,3.33,173.0
4042,2020,54.6,3.62,174.0
4043,2020,100,3.38,176.0
4044,2020,100,2.87,177.0
4045,2020,,,178.0
4046,2020,100,2.51,179.0
4047,2020,100,3.17,181.0
4048,2020,99.4,2.44,182.0
4049,2020,4.6,3.2,183.0
4050,2020,37.25,,191.0
4051,2020,100,,192.0
4052,2020,3.4,2.57,193.0
4053,2020,100,3,194.0
4054,2020,30,2.83,195.0
4055,2020,80.4,3.85,196.0
4056,2020,100,3.32,197.0
4057,2020,0.8,2.74,198.0
4058,2020,100,3.12,199.0
4059,2020,,4.9,200.0
4060,2020,100,2.89,201.0
4061,2020,100,2.98,202.0
4062,2020,8.8,,203.0
4063,2020,3.9,,204.0
4064,2020,88.1,3.19,205.0
4065,2020,0,,207.0
4066,2020,100,2.75,208.0
4067,2020,32.6,3.79,209.0
4068,2020,100,3.8,186.0
4069,2020,93.6,3.79,187.0
4070,2020,,,188.0
4071,2020,91.8,4.68,190.0
4072,2020,61,2.82,210.0
4073,2020,94.7,5.11,211.0
4074,2020,100,3,214.0
4075,2020,100,2.59,215.0
4076,2020,92.5,,216.0
4077,2020,84.3,3.57,218.0
4078,2020,7.2,2.32,219.0
4079,2020,84.3,4.39,220.0
4080,2020,14.9,,221.0
4081,2020,10.4,2.59,222.0
4082,2020,85.5,,224.0
4083,2020,100,4.21,225.0
4084,2020,99.9,3.83,226.0
4085,2020,95.3,3.71,227.0
4086,2020,99.9,,228.0
4087,2020,,3.07,229.0
4088,2020,73.8,,230.0
4089,2020,0.7,3.03,231.0
4090,2020,95.1,,232.0
4091,2020,100,2.74,233.0
4092,2020,100,1.86,234.0
4093,2020,100,2.28,235.0
4094,2020,100,3.19,237.0
4095,2020,80.1,4.71,238.0
4096,2020,7.1,,239.0
4097,2020,95.5,,240.0
4098,2020,96,3.56,241.0
4099,2020,,,243.0
4100,2020,,2.63,169.0
4101,2020,51.2,,246.0
4102,2020,10.4,2.92,247.0
4103,2020,30.5,,248.0
4104,2021,34.9,,0.0
4105,2021,83.6,3.55,2.0
4106,2021,99.7,4.36,3.0
4107,2021,,,4.0
4108,2021,100,,5.0
4109,2021,49.8,4,6.0
4110,2021,100,4.48,9.0
4111,2021,99.9,,10.0
4112,2021,98,3.66,11.0
4113,2021,,4.2,12.0
4114,2021,100,2.58,13.0
4115,2021,100,2.43,14.0
4116,2021,98.4,3.28,15.0
4117,2021,100,4.66,16.0
4118,2021,100,3.67,17.0
4119,2021,26.4,3.37,18.0
4120,2021,100,,19.0
4121,2021,99.7,3.42,20.0
4122,2021,100,2.32,21.0
4123,2021,82.8,2.83,22.0
4124,2021,5.8,3.23,23.0
4125,2021,,2.46,24.0
4126,2021,86.8,4.96,25.0
4127,2021,88.3,3.87,26.0
4128,2021,40.9,4.58,28.0
4129,2021,65.4,3.31,29.0
4130,2021,96.5,3.84,31.0
4131,2021,,3.74,242.0
4132,2021,100,4.48,33.0
4133,2021,,3.94,34.0
4134,2021,15.8,3.04,35.0
4135,2021,0.1,3.5,36.0
4136,2021,82,3.51,40.0
4137,2021,47.2,4.18,37.0
4138,2021,28.6,2.95,38.0
4139,2021,100,3.48,39.0
4140,2021,,3.72,41.0
4141,2021,1,3.27,42.0
4142,2021,8.4,2.86,43.0
4143,2021,100,3.86,44.0
4144,2021,85.9,3.08,45.0
4145,2021,93.1,3.34,48.0
4146,2021,9,4.55,49.0
4147,2021,4.3,3.32,51.0
4148,2021,37.7,3.27,50.0
4149,2021,96.2,3.67,53.0
4150,2021,40.3,2.93,54.0
4151,2021,100,3.66,55.0
4152,2021,95,,56.0
4153,2021,,3.68,57.0
4154,2021,100,3.19,58.0
4155,2021,100,3.13,59.0
4156,2021,100,2.49,60.0
4157,2021,10.5,3.27,61.0
4158,2021,86.9,4.91,62.0
4159,2021,92.4,3.91,63.0
4160,2021,94.5,2.72,64.0
4161,2021,99.9,3.88,65.0
4162,2021,92.9,,66.0
4163,2021,22,3.97,67.0
4164,2021,10.4,,68.0
4165,2021,100,3.41,69.0
4166,2021,48.8,3.47,213.0
4167,2021,8,3.37,70.0
4168,2021,,,72.0
4169,2021,54,3.91,73.0
4170,2021,100,2.88,74.0
4171,2021,100,3.04,75.0
4172,2021,,,77.0
4173,2021,90.4,3.61,79.0
4174,2021,1.7,3,80.0
4175,2021,90.9,,81.0
4176,2021,100,3.1,82.0
4177,2021,29.7,3.89,83.0
4178,2021,,,84.0
4179,2021,100,3.25,85.0
4180,2021,,,86.0
4181,2021,85.6,5.12,87.0
4182,2021,,,89.0
4183,2021,45,3,90.0
4184,2021,1,2.75,92.0
4185,2021,1,3.44,93.0
4186,2021,100,5.12,94.0
4187,2021,4.4,4.81,95.0
4188,2021,49.4,3.89,98.0
4189,2021,,4.43,99.0
4190,2021,100,3.71,100.0
4191,2021,100,2.78,101.0
4192,2021,70.5,3.11,102.0
4193,2021,87.2,4.22,103.0
4194,2021,96.1,4.17,104.0
4195,2021,99.4,3.67,105.0
4196,2021,100,2.24,106.0
4197,2021,,,107.0
4198,2021,100,2.75,108.0
4199,2021,100,3.19,109.0
4200,2021,74.7,5.82,110.0
4201,2021,100,5.92,111.0
4202,2021,99.8,3.23,113.0
4203,2021,93.3,2.52,114.0
4204,2021,26.4,3.13,115.0
4205,2021,13.3,,116.0
4206,2021,13.2,,117.0
4207,2021,100,5.57,118.0
4209,2021,100,2.59,119.0
4210,2021,77.3,3.81,120.0
4211,2021,9.4,4.34,121.0
4212,2021,100,3.35,122.0
4213,2021,,5.01,123.0
4214,2021,41.1,4.31,124.0
4215,2021,0.7,3.34,125.0
4216,2021,,,126.0
4217,2021,,,127.0
4218,2021,100,3.15,128.0
4219,2021,100,2.71,129.0
4220,2021,,,130.0
4221,2021,1.45,3.43,132.0
4222,2021,1.5,3.03,133.0
4223,2021,86,3.41,134.0
4224,2021,99.7,3.95,135.0
4225,2021,1.2,3.19,136.0
4226,2021,100,3.94,137.0
4227,2021,64.6,,138.0
4228,2021,48.2,4.27,140.0
4229,2021,99,3.92,141.0
4230,2021,85.7,3.29,143.0
4231,2021,13.4,,144.0
4232,2021,97.4,2.87,145.0
4233,2021,100,,146.0
4234,2021,52.9,5.26,147.0
4235,2021,62.3,3.67,148.0
4236,2021,98,2.79,150.0
4237,2021,5.6,3.26,151.0
4238,2021,45.9,4.25,152.0
4239,2021,47.2,3.79,153.0
4240,2021,100,,154.0
4241,2021,38.4,3.69,155.0
4242,2021,100,2.54,156.0
4243,2021,,,157.0
4244,2021,100,2.86,158.0
4245,2021,58.1,4.07,159.0
4246,2021,4.9,3.56,160.0
4247,2021,23,3.49,161.0
4248,2021,80.2,3.86,131.0
4249,2021,,,164.0
4250,2021,100,3.63,165.0
4251,2021,100,2.59,166.0
4252,2021,51,3.34,167.0
4253,2021,31.2,,168.0
4254,2021,100,4.42,170.0
4255,2021,9.8,,171.0
4256,2021,68.6,4.15,172.0
4257,2021,86.4,3.55,173.0
4258,2021,56.9,3.84,174.0
4259,2021,100,3.43,176.0
4260,2021,100,2.99,177.0
4261,2021,,,178.0
4262,2021,100,2.64,179.0
4263,2021,100,3.24,181.0
4264,2021,99.3,2.63,182.0
4265,2021,6.2,3.22,183.0
4266,2021,38.4,,191.0
4267,2021,100,,192.0
4268,2021,3.7,2.72,193.0
4269,2021,100,3.22,194.0
4270,2021,31.3,2.98,195.0
4271,2021,81.5,3.99,196.0
4272,2021,100,3.62,197.0
4273,2021,0.8,3,198.0
4274,2021,100,3.24,199.0
4275,2021,,5.24,200.0
4276,2021,100,2.98,201.0
4277,2021,100,3.02,202.0
4278,2021,8.8,,203.0
4279,2021,4.2,4.14,204.0
4280,2021,88.7,3.39,205.0
4281,2021,0,3.97,207.0
4282,2021,100,2.91,208.0
4283,2021,34.1,4.13,209.0
4284,2021,100,3.94,186.0
4285,2021,93.1,3.88,187.0
4286,2021,,,188.0
4287,2021,90.9,4.94,190.0
4288,2021,62.8,2.12,210.0
4289,2021,95.1,5.42,211.0
4290,2021,100,3.1,214.0
4291,2021,100,2.65,215.0
4292,2021,91.5,5.11,216.0
4293,2021,85.2,3.71,218.0
4294,2021,8.1,2.43,219.0
4295,2021,85.3,4.53,220.0
4296,2021,16.4,,221.0
4297,2021,11,2.86,222.0
4298,2021,87.6,,224.0
4299,2021,100,4.51,225.0
4300,2021,99.9,4.03,226.0
4301,2021,95.2,3.82,227.0
4302,2021,99.9,,228.0
4303,2021,,3.23,229.0
4304,2021,74.9,,230.0
4305,2021,0.7,3.15,231.0
4306,2021,94.95,,232.0
4307,2021,100,2.86,233.0
4308,2021,100,1.93,234.0
4309,2021,100,2.36,235.0
4310,2021,100,3.31,237.0
4311,2021,79,5.09,238.0
4312,2021,6.6,,239.0
4313,2021,95.1,,240.0
4314,2021,97.1,3.69,241.0
4315,2021,,,243.0
4316,2021,,2.58,169.0
4317,2021,49.6,,246.0
4318,2021,9.6,3.2,247.0
4319,2021,30.5,,248.0
4320,2022,36.1,,0.0
4321,2022,84.6,4.19,2.0
4322,2022,99.7,4.89,3.0
4323,2022,,,4.0
4324,2022,100,,5.0
4325,2022,50,4.41,6.0
4326,2022,100,4.97,9.0
4327,2022,99.9,,10.0
4328,2022,97.9,4.11,11.0
4329,2022,,4.71,12.0
4330,2022,100,2.91,13.0
4331,2022,100,2.76,14.0
4332,2022,98.5,3.74,15.0
4333,2022,100,5.41,16.0
4334,2022,100,4.22,17.0
4335,2022,28,3.64,18.0
4336,2022,100,,19.0
4337,2022,99.7,3.74,20.0
4338,2022,100,2.56,21.0
4339,2022,82.5,3.1,22.0
4340,2022,6,3.42,23.0
4341,2022,,2.35,24.0
4342,2022,88,5.28,25.0
4343,2022,89.1,4.2,26.0
4344,2022,41.1,5.53,28.0
4345,2022,66,3.56,29.0
4346,2022,96.5,4.25,31.0
4347,2022,,3.8,242.0
4348,2022,100,4.9,33.0
4349,2022,,4.74,34.0
4350,2022,17.2,3.57,35.0
4351,2022,0.1,3.97,36.0
4352,2022,83,4.07,40.0
4353,2022,53.5,4.5,37.0
4354,2022,29.4,3.39,38.0
4355,2022,100,3.89,39.0
4356,2022,,3.83,41.0
4357,2022,1,3.53,42.0
4358,2022,9.5,3.27,43.0
4359,2022,100,4.54,44.0
4360,2022,87.8,3.35,45.0
4361,2022,93.6,4.13,48.0
4362,2022,9.6,,49.0
4363,2022,4.3,3.53,51.0
4364,2022,39.65,3.64,50.0
4365,2022,96.4,4.27,53.0
4366,2022,42.6,3.28,54.0
4367,2022,100,4.22,55.0
4368,2022,94.7,,56.0
4369,2022,,4.1,57.0
4370,2022,100,3.54,58.0
4371,2022,100,3.63,59.0
4372,2022,100,2.73,60.0
4373,2022,10.3,3.71,61.0
4374,2022,86.7,5.32,62.0
4375,2022,92.8,4.31,63.0
4376,2022,94.5,2.99,64.0
4377,2022,99.9,4.55,65.0
4378,2022,93.8,,66.0
4379,2022,21.9,4.32,67.0
4380,2022,10.5,,68.0
4381,2022,100,3.88,69.0
4382,2022,48.9,3.69,213.0
4383,2022,8.8,3.72,70.0
4384,2022,,,72.0
4385,2022,56.1,4.28,73.0
4386,2022,100,3.29,74.0
4387,2022,100,3.42,75.0
4388,2022,,,77.0
4389,2022,90.9,3.96,79.0
4390,2022,1.7,3.31,80.0
4391,2022,92.2,,81.0
4392,2022,100,3.56,82.0
4393,2022,31,4.29,83.0
4394,2022,,,84.0
4395,2022,100,3.74,85.0
4396,2022,,,86.0
4397,2022,84.8,5.7,87.0
4398,2022,,,89.0
4399,2022,46.2,3.31,90.0
4400,2022,1.1,3.06,92.0
4401,2022,0.9,3.73,93.0
4402,2022,100,5.53,94.0
4403,2022,4.5,5.26,95.0
4404,2022,50.1,4.37,98.0
4405,2022,,4.88,99.0
4406,2022,100,4.51,100.0
4407,2022,100,3.02,101.0
4408,2022,74.5,3.36,102.0
4409,2022,89.1,4.64,103.0
4410,2022,95.8,5.13,104.0
4411,2022,99.4,4.03,105.0
4412,2022,100,2.48,106.0
4413,2022,,,107.0
4414,2022,100,3.02,108.0
4415,2022,100,3.61,109.0
4416,2022,72.8,6.42,110.0
4417,2022,100,6.54,111.0
4418,2022,99.8,3.45,113.0
4419,2022,93.1,2.79,114.0
4420,2022,30,3.54,115.0
4421,2022,14.8,,116.0
4422,2022,13.9,,117.0
4423,2022,100,6.09,118.0
4425,2022,100,2.89,119.0
4426,2022,77,4.2,120.0
4427,2022,10.2,4.65,121.0
4428,2022,100,3.97,122.0
4429,2022,,6.76,123.0
4430,2022,41.5,4.68,124.0
4431,2022,0.8,3.5,125.0
4432,2022,,,126.0
4433,2022,,,127.0
4434,2022,100,3.72,128.0
4435,2022,100,2.99,129.0
4436,2022,,,130.0
4437,2022,1.5,3.75,132.0
4438,2022,1.4,3.43,133.0
4439,2022,84.1,3.77,134.0
4440,2022,99.7,4.36,135.0
4441,2022,1.2,3.59,136.0
4442,2022,100,4.44,137.0
4443,2022,64,,138.0
4444,2022,48.9,4.86,140.0
4445,2022,99,4.39,141.0
4446,2022,85.7,3.89,143.0
4447,2022,13.2,,144.0
4448,2022,97.6,3.17,145.0
4449,2022,100,,146.0
4450,2022,54.2,5.86,147.0
4451,2022,62.6,4.49,148.0
4452,2022,97.9,3.14,150.0
4453,2022,6,3.6,151.0
4454,2022,50.7,4.56,152.0
4455,2022,47.4,4.16,153.0
4456,2022,100,,154.0
4457,2022,39.6,3.97,155.0
4458,2022,100,2.9,156.0
4459,2022,,,157.0
4460,2022,100,3.21,158.0
4461,2022,59.2,4.61,159.0
4462,2022,5.7,3.96,160.0
4463,2022,25.6,3.83,161.0
4464,2022,81.3,4.6,131.0
4465,2022,,,164.0
4466,2022,100,4.01,165.0
4467,2022,100,2.87,166.0
4468,2022,52.6,3.76,167.0
4469,2022,29.45,,168.0
4470,2022,100,4.83,170.0
4471,2022,10,,171.0
4472,2022,68.5,4.7,172.0
4473,2022,88.1,4,173.0
4474,2022,59.1,4.09,174.0
4475,2022,100,3.91,176.0
4476,2022,100,3.52,177.0
4477,2022,,,178.0
4478,2022,100,2.82,179.0
4479,2022,100,3.66,181.0
4480,2022,99.4,2.9,182.0
4481,2022,8.3,3.81,183.0
4482,2022,39.6,,191.0
4483,2022,100,,192.0
4484,2022,4.1,3,193.0
4485,2022,100,3.52,194.0
4486,2022,32.3,3.38,195.0
4487,2022,82.9,4.62,196.0
4488,2022,100,3.88,197.0
4489,2022,1,3.32,198.0
4490,2022,100,3.48,199.0
4491,2022,,5.5,200.0
4492,2022,100,3.54,201.0
4493,2022,100,3.44,202.0
4494,2022,8.7,,203.0
4495,2022,4.8,,204.0
4496,2022,89.4,3.74,205.0
4497,2022,0,,207.0
4498,2022,100,3.35,208.0
4499,2022,35.5,4.77,209.0
4500,2022,100,4.58,186.0
4501,2022,92.5,4.15,187.0
4502,2022,,,188.0
4503,2022,90,5.56,190.0
4504,2022,65.6,1.86,210.0
4505,2022,95.5,5.82,211.0
4506,2022,100,3.56,214.0
4507,2022,100,2.85,215.0
4508,2022,90.5,,216.0
4509,2022,86.1,3.9,218.0
4510,2022,9.2,2.7,219.0
4511,2022,86.1,4.93,220.0
4512,2022,17.7,,221.0
4513,2022,11.9,3.18,222.0
4514,2022,89.5,,224.0
4515,2022,100,5.08,225.0
4516,2022,99.9,4.46,226.0
4517,2022,95.1,4.5,227.0
4518,2022,99.8,,228.0
4519,2022,,3.55,229.0
4520,2022,75.2,,230.0
4521,2022,0.6,3.6,231.0
4522,2022,94.9,,232.0
4523,2022,100,3.14,233.0
4524,2022,100,2.12,234.0
4525,2022,100,2.63,235.0
4526,2022,100,3.64,237.0
4527,2022,77.8,5.67,238.0
4528,2022,6.4,,239.0
4529,2022,95,,240.0
4530,2022,98.1,3.96,241.0
4531,2022,,,243.0
4532,2022,,2.98,169.0
4533,2022,48.3,,246.0
4534,2022,9,3.53,247.0
4535,2022,30.8,,248.0
