id_pays,avg_score_bonheur,avg_generosite,avg_libExpress,avg_corruption,taux_crime,avgGDP,avgPOP,avg_taux_classe_primaire,avg_taux_classe_secondaire,avg_HiverMin,avg_EteMax,religionImportant,religionPasImp,EsperanceVie,avgMigration,avgTransport,avgUnemployedWomen,avgUnemployedMen
0,3.5127999782562256,0.446682516338354,-0.3788370502102269,1.1343579790458123,1.0026866869970278e-16,-0.2628339494987407,-0.13103376483170362,0.34482911364482427,-0.6261909876467251,2.0271329898116705e-16,7.366711455903835e-16,2.8471670965411336e-16,0.0,-0.7343896074203715,6.040767472823162e-17,-0.02500795057906747,0.3468781628740895,7.7580400085449215
1,4.712600040435791,-0.4333711889254209,0.3878793380804319,0.7231532776608248,-0.45957956563220576,-0.26411239966328814,-0.2655454247738987,0.5073335829567639,0.7741659811674948,-0.9237147159532761,0.7268905814369646,-0.9873230779908249,0.3698982758456299,0.5489341697664629,-0.31288162982028495,0.0,0.7593340008084851,14.47337512175242
2,5.667600059509278,-1.3030564691556379,-0.23312121734945568,0.5288234526444493,-0.549893548047656,-0.17477801739359525,-0.06279312789718541,0.9553718615116455,-0.12547248849186957,0.03349530579854374,0.4144197846029113,1.7424625190986665,-1.061247884456468,0.007578114779181722,6.040767472823162e-17,-0.5978978990400158,1.517902062397827,12.794333338737488
5,3.872250020503998,-0.9853018593540531,-0.8315572517837735,0.8712865798352427,-0.15476982451318771,-0.2285655745301954,-0.15901393704181152,-1.9457558635114642,-1.467253751278762,1.5350206569053033,-0.7239148894004227,2.8471670965411336e-16,0.0,-0.7309797112200116,-0.4494815216785719,-1.7891514366758328,1.144900454763894,14.31833322842916
9,6.45939998626709,-1.098986572215115,0.8504516940916435,-0.030929546575338435,-0.09832358213907308,0.020766536442069456,-0.008716179270447674,0.8025759367364517,0.9722377387830343,0.9633744778752243,-2.828612792028648,-0.5386450706787488,0.16381919135056472,0.6347771388378534,-0.15370967605948896,0.0794046873583676,0.28753667016855455,8.862833420435587
10,4.393200016021728,-1.18693393613364,-0.06404632408216336,0.7181740469729962,-0.4934473056735414,-0.2633337622466693,-0.26470493232600545,-0.7420123683422144,-0.4366740580488284,2.0271329898116705e-16,7.366711455903835e-16,-0.07919115276707986,-0.5902168724020652,0.4832002460958257,-0.44909234819749416,0.0,0.1884922512656976,10.997083445390066
12,7.276200008392334,1.7542661991470792,1.0487650826536141,-1.5632998750603584,-0.5950505392553812,0.4327648541299908,-0.14036556846207887,0.6507826145590858,-1.0877641889800733,2.0271329898116705e-16,7.366711455903835e-16,-1.1864451528405997,2.1278729489226347,0.97505441754432,0.04554714625231428,1.1141070897442464,-0.5506734425735111,5.186750004688899
13,7.141999912261963,0.6641335857317439,1.0772090255140647,-1.4006437234517184,-0.6176290348592437,-0.012919834457676048,-0.22517289500499835,0.5332030940202132,1.1589075126659525,-0.9466311051517029,-0.532564115392629,-1.1277611855173202,0.7629188278763747,0.8884407185098346,1.7771096880608752,1.602842040492212,-0.6354639719108417,4.830800046920777
14,5.229200077056885,-1.4801138312461988,-1.7792664161335838,1.4600852397945088,-0.43700106329942673,-0.23828528253706424,-0.21843174047413308,0.4281526944338033,-1.681905931105125,-0.8925079363345182,0.21260169969509268,-0.8046304883932237,-0.1608580462483165,0.214846086218184,-0.3759277337548789,1.0985714800315516,-0.3122327039299058,5.747083326180776
16,6.113799953460694,-0.12253413045427913,-1.6277463693311087,0.6688909031269246,-0.6853645241941752,-0.2559394386831958,-0.2836427311989469,-0.5530367028520581,0.8730099260497062,0.6288916246296818,2.0611255932013828,2.8471670965411336e-16,0.0,0.4917016311432985,-0.26955364892696315,-1.3703517966408527,-0.7744198193230347,0.46033333366115886
17,4.580199909210205,-0.33577553091604,-0.5032596066635776,1.2220484825477884,-0.4257117986752043,-0.17440297258533743,0.6629857736202047,-0.5997896774157674,-0.3039743663774941,0.675739180183706,0.5470271058911119,1.6343186487737489,-1.069204602347365,-0.15328257070012685,-0.4304120211057626,-0.14958282957450159,-0.43638860988880057,3.274250010649363
19,5.597999954223633,-0.855427433154549,-1.7335017873663952,-0.481415128656207,-0.4257117986752043,-0.2264719893444853,-0.2089742290005327,0.5534572617424968,0.14756381796716772,-1.6891505024897822,-1.1955592737155687,-1.2725529346725069,0.7378371972678449,0.6254933461005717,-0.4035590509113985,1.118957079903511,-0.5867844657792798,8.225708246231079
20,6.921399879455566,-0.07203688541611461,1.1367984122428763,-1.5709070978061925,-0.504736543382098,0.045704250096781196,-0.20636973910130885,0.3216817185374025,2.549884845419287,-0.9461554570974315,-1.2077352120932927,-1.2732942295313943,1.5594705791935901,0.9062258962945892,0.270619142808941,1.5467588941531198,-0.278117742661867,6.75516672929128
21,5.955999851226807,0.025550007593951398,0.0,0.0,2.204683171322402,-0.26994628254274494,-0.28773598534596695,0.9670180233278256,0.3955680787539288,2.0271329898116705e-16,7.366711455903835e-16,2.8471670965411336e-16,0.0,0.41591318477228467,-0.4336551334480771,0.0,0.6250643054891528,5.854125062624614
22,3.900999927520752,-0.27310036570106805,0.5534583389206345,-0.03065292196122846,-0.5724720369226022,-0.26516156212709807,-0.2352241846573574,0.4834917835136242,-1.1072464631244587,1.538508076954449,-0.2751874385013922,2.8471670965411336e-16,0.0,-0.5128864871175378,-0.43274706199222907,-0.5242051620665029,-1.1148414329144662,1.2525833422938983
24,5.124799919128418,1.9183994187028381,-0.13523577476022505,-1.2782366680579527,-0.41442256096664776,-0.27022931680676665,-0.285091974717673,0.3975128976544414,-0.19559983167519804,2.0271329898116705e-16,7.366711455903835e-16,2.8471670965411336e-16,0.0,-0.38141863977626334,-0.4500263645520808,-0.8797580075889679,-0.7466570355473469,2.317875012755394
25,5.813199901580811,-0.28093987390436304,0.38517796967314943,0.5887129773563692,0.09359362040038406,-0.2568710416542947,-0.22472229551075046,0.7677290722326807,0.7337035404529821,2.0271329898116705e-16,7.366711455903835e-16,0.4517595081818255,-0.8749762589955834,-3.255996169859834,-0.41380728591311233,-1.1310377383568326,-0.7976687125411696,2.568458318710327
27,5.16180009841919,0.4752162404612476,0.19067834565791617,0.6246743791711318,-0.549893548047656,-0.2572454805032872,-0.2583838025692459,-3.281000419426433,-1.681905931105125,2.0271329898116705e-16,7.366711455903835e-16,-0.5274297242114016,-0.37552364442865865,0.5674900775143124,-0.4357307253471584,0.6199433634635116,2.5438264089526386,21.65429166952769
28,3.8299999237060547,-1.2164790096149047,0.5048334423882996,-1.157904306544625,1.0193119738033314,-0.26377440418377995,-0.2771441869356748,-0.2635418479864804,-0.6093121187773711,2.0271329898116705e-16,7.366711455903835e-16,2.8471670965411336e-16,0.0,-0.12544287021499653,-0.38306258090797085,0.5920235117184671,1.7544923751200325,16.260166724522907
30,6.657800102233887,-0.7235087645967557,0.739218255546828,0.021076169420859273,1.843427133997938,0.7133660554370117,1.0078349778562767,0.6105764341119388,0.6002417502894448,2.0271329898116705e-16,7.366711455903835e-16,0.26127886362551933,-0.7014058451489504,0.2689723495355413,-0.19236757517987788,0.5700305804359647,-0.42690279321775637,3.865708361069361
33,4.618600082397461,-1.0223707106149948,0.5272390367955189,-0.2121196148279207,-0.5837612880889916,-0.23868817059308217,-0.2233289152847943,0.6193273394777351,0.9929500398066615,2.0271329898116705e-16,7.366711455903835e-16,-1.238706071626768,1.084415308368187,0.6865912122659255,-0.0010239469833220282,1.1843257451107043,-0.027118212725136908,9.725958367188772
34,4.07379994392395,-0.03772795490656149,0.510712925817758,-0.16606138265225429,-0.549893548047656,-0.26453026347829733,-0.1954042417318709,-0.5467339717871311,-1.0916781798181705,1.1892721975350302,0.854811655101616,1.4317191736317336,-1.0346042144845453,-0.6660165175124693,-0.4345632049039252,-0.7122381363597978,-0.7230198495329264,3.6223333279291787
35,3.0789999961853027,-0.2744101508084598,-0.9153001826851516,0.9697654494705833,-0.008009626639288621,-0.26951960456400204,-0.23575805839214944,1.121505082004683,-1.0228588963760068,2.0271329898116705e-16,7.366711455903835e-16,2.8471670965411336e-16,0.0,-0.6134317141213019,-0.4462384093362574,0.0,-1.1047883484316914,2.3934999952713647
36,4.205400037765503,1.0500264191092885,-1.228819647649987,1.2817997289595684,-0.4934473056735414,-0.2633495426004897,-0.20265632526801106,1.4127847290190108,-1.283050859733489,1.407987427789528,0.6568918289773472,2.8471670965411336e-16,0.0,-0.37678258227097944,-0.42210965350943747,0.0,-1.2248186653986954,0.5906666663164893
37,4.695800018310547,-0.081071541992507,-0.0950327987405433,1.427028440739942,-0.5386042968812665,-0.25135170530098905,-0.17298494787992572,0.5933023976233602,-0.5582722307350918,2.0271329898116705e-16,7.366711455903835e-16,2.8471670965411336e-16,0.0,-0.4603016837263708,-0.4376765927525471,0.0,-0.665122087931563,3.9027500251928964
38,7.350599956512451,1.5208646522993903,1.0088799124532661,-1.5843234629535223,-0.47086880334076237,0.7026595463478545,-0.0523654458695447,-0.02611603900333268,0.7329132413817315,-2.6304593112642247,-0.7738665951225921,-0.8091210445220184,0.8731891974554062,0.9789197450865086,1.7505161668538962,0.8601709410384157,-0.39186259873808676,7.149500012397766
41,3.134249985218048,0.22920057462095347,0.11662858577701181,1.0611903986597078,1.572485213667253,-0.2695724877322948,-0.26150754272955984,-0.9111233271997271,-1.537335980436838,1.2634599404531575,0.6805843326179349,2.8471670965411336e-16,0.0,-0.6783949078288442,-0.44727620528579803,0.0,-0.36895345538828594,4.953458309173584
42,4.003400039672852,-0.2108783097963265,-0.4694128701597223,1.4997810625641173,1.0026866869970278e-16,-0.26499276978337544,-0.22300891441485562,-0.15581308776712188,-1.1125839348526643,0.8354693393317258,1.0038041926355001,2.8471670965411336e-16,0.0,-0.7882005721164626,-0.4481842767416461,0.0,-1.2330516405981489,1.136541669567426
43,6.589399909973144,0.4847445389970494,0.9858386874644328,-1.452787744541383,-0.15476982451318771,-0.14952605881668915,-0.17348493643059168,0.6091546661722907,1.0231416581910953,2.0271329898116705e-16,7.366711455903835e-16,-0.39936538962344764,-0.20514795628832702,0.5945590480363477,-0.2508733218352316,1.2325873770148876,0.0823493747960661,7.348041653633118
44,5.218999862670898,-1.4773152954628639,-2.0166704159500366,0.08096573123123216,-0.6402075304631063,3.6584498180808347,9.222961563026379,0.21526640327789048,-0.163353980538957,-1.9646744047187272,0.3940825219395484,-1.7653585699163559,4.138498950782283,0.2906345325891974,2.148251464515347,-0.014533974152489167,-1.0433413660026636,2.3745625068744025
47,6.340000057220459,-0.7015893094747435,0.3928054229948362,-0.3022997377958615,1.8547164255378261,-0.11393220960717004,0.00015551921981177426,1.02710056723644,0.8098737257985573,2.0271329898116705e-16,7.366711455903835e-16,0.33047469916124145,-0.7359372816543489,0.43215690263084855,-0.2691644754458854,-0.4828954971709453,0.7969253641727757,8.975458403428396
48,3.961666742960612,-0.055970702965866904,0.07579001706161007,0.7505392649125489,1.0026866869970278e-16,-0.270446809974385,-0.2855764217549506,-1.1065584422745587,-1.2221522686424169,1.5160976669747932,-0.1658700045924269,2.8471670965411336e-16,0.0,-0.376000174581171,-0.4476653787668758,0.0,-0.5755058428713324,4.3087500135103864
49,4.377399969100952,-0.9233259381584655,-1.221033326936659,1.1154090621041812,1.0026866869970278e-16,-0.26470223303837026,-0.2645775409629781,-0.37417753109496177,-1.3508499988517173,1.4255500317988057,0.011695868882006041,2.8471670965411336e-16,0.0,-0.2174633567178607,-0.44584923585517966,0.0,1.6919168712324082,18.200000047683716
52,7.1261999130249025,-0.18184566369945085,1.0748254723975894,-1.05790397370784,0.5677420348104144,-0.24736755698731672,-0.26090096023163156,0.7278771517507048,1.0075979668503459,2.0271329898116705e-16,7.366711455903835e-16,2.8471670965411336e-16,0.0,0.7128894528248659,-0.34881531457312964,-0.767080941383219,0.1733489262327376,6.500541627407074
53,5.458600044250488,-0.6337207639564968,0.7757663509864924,-0.5617750190840264,-0.5837612880889916,-0.22221649113751296,-0.25363653541392167,0.14785639406861414,0.8901656415259913,-0.9940633355292696,-0.04451371167330548,-0.9880520488250716,-0.049404280034424826,0.705929527703583,-0.25800816898832346,1.3235266704742454,0.5179264487087524,10.847749968369802
56,5.749300003051758,0.21147056807625747,0.8685668531090189,-1.1489139540299094,-0.5611827857562126,-0.25756040191860946,-0.2841720606068441,0.26797275960873246,0.9037277373096516,-0.45485031314285207,1.57124846650766,0.13256436572336686,-0.6308155387134516,0.7445944808521848,-0.17822760536738663,1.3817597214735964,-0.1947289441136638,6.853679943084717
57,6.654600143432617,-1.200527918129061,1.039548609706733,-0.8958010594765253,-0.6176290348592437,-0.1514897026731402,-0.19096801101934874,0.28120375042925855,0.9136506362670085,-1.1600664776904253,-0.6993931070006931,-1.5784516952259016,3.7865831795153664,0.7886778991958798,-0.01205052894719135,1.3884924377663386,-0.4006666157453066,4.3155999803543095
58,4.273199892044067,-0.3155519455490579,0.0975600093016356,0.3270246950332741,1.0026866869970278e-16,-0.24916935692021405,-0.16840662802070133,-0.8726080596261621,-1.4362304773324754,1.190659834707036,0.2819243890533776,2.8471670965411336e-16,0.0,-0.5554284455350421,6.040767472823162e-17,-0.2030296420106706,-0.6061140516836246,4.325333341956139
59,7.545999908447266,0.8974981987461564,1.1863767167617385,-1.6670346706199526,-0.5837612880889916,-0.05976099961329693,-0.24677156914390924,0.26882123836429117,1.8574378025478366,-1.1708910167497462,-1.6825686494160963,-1.58363766199099,1.8432913152209287,0.9379309243219079,-0.17498449302507213,1.5217585307747452,-0.518657666769515,5.1474582850933075
60,4.36899995803833,-0.3184024441623711,-1.4495386329870452,0.6421018390943939,1.0026866869970278e-16,-0.27004019318117023,-0.2844972229288521,-0.8560824170143375,-0.44935489300169595,1.4033291181364342,2.244157318596399,2.8471670965411336e-16,0.0,-0.33192843396419,-0.44792482775426096,0.0,3.874006707254137,21.94533348083496
62,5.199400138854981,-0.4153283021142264,0.6039900987833914,0.8552422780199584,0.3080892983569544,-0.23783944863459777,-0.22635110104305753,0.7378430196511341,0.17962819597997032,1.1321906654742386,0.3917102499760424,0.09906464784178662,-0.7638101899895092,0.21715827610746918,-0.22025834132378264,-1.590293395722163,0.010169803265674363,4.297541677951813
63,5.991999912261963,-0.8444201000890228,0.376914952070163,0.580690824387702,0.18390762973150013,-0.225845217260065,-0.19521725160221867,0.7109885497967156,0.3536030818393954,2.0271329898116705e-16,7.366711455903835e-16,0.5269675468502699,-0.7536727100584375,0.3625576514180223,6.040767472823162e-17,-0.868406571843514,-0.6120476178430868,3.3750833670298257
64,4.375199985504151,-0.9672230336377015,-1.4284042736965021,0.8858094163880574,-0.40313332325809115,-0.14683748446472597,0.24953060867024923,-0.008532620860057833,-0.18676260416005475,0.0827027717840222,1.134292360238452,1.9588440369778601,-1.0993078785364319,-0.0032471378842898113,-0.07821002073040727,-1.3459218502880486,1.7357876721916181,6.5379583438237505
65,6.124199867248535,-1.151712088477676,0.29190073514293907,0.6407186851084666,3.502946745927039,-0.2583111905527315,-0.24612973430736826,1.012428800061251,0.3257468883793031,1.1992552100470488,0.48702707911889503,1.5769700898321095,-0.8873622341182352,0.042377740385595025,-0.4201637861040488,-1.083174972345563,-0.7628014364212881,5.920208344856898
68,5.637800025939941,-1.1041626939632956,1.1042229274307753,-1.540201595090153,-0.33539781625975407,-0.2525292806785026,-0.27846667106726575,0.25436767395519344,1.0929870101128392,-1.7284982574320331,-1.878833952094643,-1.64537608946166,2.537190724631014,0.7105655852088673,-0.3818950604647376,1.6476656507613487,-0.22822239389647422,8.98499995470047
69,4.423199939727783,0.34350204769166454,-1.2180141006169392,0.24030238695529613,0.2968001144797294,-0.24659727078045873,0.22035984084124513,-0.4631578341530976,-1.0046790138888602,2.0271329898116705e-16,7.366711455903835e-16,1.583633699508803,-1.0056723964706156,-0.6296637542531522,-0.43728741927146936,-0.9481340288161432,-0.8285239802807844,1.8284800148010254
73,7.537800025939942,0.00642825531765176,1.140929897365686,-1.623051116834832,-0.5160257945484875,-0.10630277169168918,-0.24860320249027051,0.48152532550165883,1.817018381882041,-1.825824075997732,-1.9229174269332625,-1.356612174456316,1.1322519200361147,0.8853461209307409,-0.21986916784270488,1.5427983833034005,-0.16787354929716197,8.270833313465118
74,6.515199947357178,-0.884225604574451,1.1148695265646575,-1.4830783077599758,-0.549893548047656,1.4850269512648482,0.1913846581045647,0.4970999251206393,1.295123181631956,-0.7726891929009186,-0.5902170238302423,-1.3734282831500308,2.0629829305393725,0.944890849443191,7.337101487724865,1.5851169666562952,-0.00794639314475356,8.242708424727121
78,4.407799911499024,-1.4734394528256907,0.305248811606048,1.132006712076893,1.0026866869970278e-16,-0.26188721732872744,-0.2795144280965403,-2.2224477340215985,-1.5805726712762787,1.519283886697891,-0.39753896085083634,2.8471670965411336e-16,0.0,-0.10455141712443528,-0.4344334804102326,0.0,2.3962820779684613,13.85533340771993
79,4.515999794006348,0.45787488633247075,-1.1350657446445382,-0.0335575102942481,1.0026866869970278e-16,-0.2698298637330145,-0.2786640970042086,0.04279692272094338,-1.3520998104494129,0.7799763027034382,0.3964421379891408,2.8471670965411336e-16,0.0,-0.5677951581247039,-0.44481143990563904,0.0,0.06430599494730822,6.566166659196218
80,4.338799953460693,-1.4577615922431861,0.42649326606049853,-0.8497428087516324,-0.4821580545071519,-0.2599166619862461,-0.25570475229938283,0.4498536735383685,0.33959197791808504,2.0271329898116705e-16,7.366711455903835e-16,0.8748810677700453,-0.8851128384204513,0.47391645335854443,-0.312233007351822,0.0,0.5331850507195776,15.512666662534079
81,6.9290000915527346,0.6551906070203123,1.1450615150891237,-1.6303817102004354,-0.6063397836928542,2.17072314196159,0.3565707440668762,0.34500934900331354,1.0439552401196899,-1.1853484433064119,-1.207365975804885,-1.4295827587460832,2.05810601317435,0.8984952412102112,1.4753705157319335,1.504416270818886,-0.4544016567360046,6.393500030040741
82,4.536399936676025,0.12614612363549133,0.8595092641288575,0.3941064885664058,-0.45957956563220576,-0.24366638384107256,-0.13760750432594726,0.17057008540326046,-0.37243716348131134,1.6875979721780099,-0.10187632508554231,1.7366602536557705,-1.0865645960444201,-0.26696524025664764,-0.41354783692572716,-0.12193015635623801,-0.5495692417597224,4.865125005443891
84,5.152400016784668,-1.9131779142138905,0.9492905351959278,-0.9534776181909432,-0.6063397836928542,-0.10908454807975816,-0.20709973421759076,-0.40458434505651736,0.5606400592426802,-0.38735153882552875,0.6424474762296645,-0.1460054415554068,-0.35402823212685036,0.9332948668166245,0.8634600789840327,1.3890709188362822,1.4813238762522478,11.708833376566568
89,6.34379997253418,0.2030670045848922,0.2750568514960017,0.9300695937245719,1.2789647102567914,-0.2428877321758107,-0.20198257310720352,0.5499825657614066,-0.16831021414546715,2.0271329898116705e-16,7.366711455903835e-16,0.8161509952196992,-0.8714488309523987,-0.00401786784738473,-0.262807975254949,-0.4104351896205107,-0.8335613236707999,2.352583348751068
91,3.8535999774932863,0.27722543970130853,-0.2216800373669256,1.2284108424892424,1.0026866869970278e-16,-0.26528651700707895,-0.2266122851244208,-0.5548769634393652,-1.1471979953576676,1.421640391492059,-0.3054486778606085,2.8471670965411336e-16,0.0,-0.6776125001390357,-0.44909234819749416,0.0,-0.6813271519156215,5.327750007311503
94,3.8655999660491944,2.0385544774810036,0.3959835380170125,1.1098765698219817,0.05972585344338263,-0.2638333893285306,-0.2266343066067943,-3.281000419426433,-1.681905931105125,2.0271329898116705e-16,7.366711455903835e-16,-0.7692751226960395,-0.3471231892876321,-0.3582149967964169,-0.43183899053638103,-1.5152684557954257,0.9812359430191763,11.19125004609426
97,5.240800094604492,0.05040465609038795,0.21530859027194377,1.107801867697443,3.4013433373933717,-0.26069168416001565,-0.2400386014729642,0.3554569235827302,-0.4676102821396983,2.0271329898116705e-16,7.366711455903835e-16,2.8471670965411336e-16,0.0,0.12822070945698508,-0.4154937043311159,-1.364767826291844,-0.3400561508157112,4.183291653792064
98,5.452799987792969,1.0382381955303865,0.20577428072344045,-1.4364668062610941,-0.6627860260669689,-0.10437896538661312,-0.24040491305502842,-1.937717168283981,0.8748135281529499,0.5654218291136596,0.5174582241223914,-1.517665448011887,0.925095161901885,0.937160194358813,0.5880549788746848,0.0,-0.7949506745391308,4.962916682163875
99,5.329399967193604,-1.1244692950817798,0.42840009150502667,-0.4119819898352001,-0.6063397836928542,-0.19071191699351395,-0.20707099685351424,0.4965248100523977,1.146075915034758,-1.2225924537576722,-0.35685605098114365,-1.1177161577272694,1.4540330644516897,0.660292971706985,-0.0773019492745592,1.464666313826535,-0.37708936670048,6.522208293279012
100,7.510999965667724,1.7811163604145803,1.0134881631339168,-1.6267855705084526,-0.527315045714877,-0.2597581827893527,-0.287395272836308,0.18842882765683758,1.2987718512957351,-1.5241212681130152,-3.3115663032676794,-1.122762408266963,0.5558470440964263,1.048518996299335,-0.4260013883202149,1.429622715712537,-0.7727817113940563,4.143250008424123
101,4.297799968719483,0.05870599482201272,0.2701307949960173,0.2772320171704593,-0.3579763185925331,0.6976334118500952,7.584695268740365,-0.012181410090091547,0.08361790804527992,-0.040970870026853706,1.4722261439700433,0.2736061288158794,-0.5393191536366501,-0.1354857151886592,-0.17511421751876471,-0.6683639532017731,-0.21397699803426135,7.53550002972285
102,5.252000045776367,2.801189064651819,0.5761817012612938,0.813195089352223,-0.6514967782650376,0.1357429347306025,1.3081197805394646,0.7912245110620852,0.38352816043870874,1.5434150869201184,0.5098109672400013,1.9857846987685353,-1.0977086391126953,0.016091177553368086,0.8417960885373718,-0.9023612196635651,-0.4788700248528033,4.926749994357427
103,4.689199924468994,1.0933576861612324,-1.7242853084998433,0.6646468492261274,-0.44829030100798334,-0.011419821824465133,0.1870632839300727,0.41629415346098586,0.48784242197159955,2.0271329898116705e-16,7.366711455903835e-16,1.1510093042508691,-0.8785659264398188,-3.255996169859834,-0.3362320386849494,-0.7001248766487448,1.2767311511050665,9.436749974886576
104,4.52839994430542,-0.37816887299136004,-0.5067555594713105,1.0620202745630627,0.14627681045397897,-0.1964093998387603,-0.10274248197675566,-2.478897910481183,-1.4086135020764115,-0.44613847244335125,2.8287850804842964,1.729810235941257,-1.0713243214570265,0.12900311714679352,6.040767472823162e-17,-1.8928541724428076,0.9323962926414825,9.000458419322968
105,6.964400100708008,1.5094201550422672,1.1472861368815117,-1.5419996653869938,-0.6176290348592437,-0.11907281476998238,-0.25866203612442473,0.6943795771956605,1.420866120258079,-0.9377107717059141,-1.9673203844987195,-0.4429812401405012,-0.2228327361872897,0.884575390967646,0.17436356848904647,1.38096214183955,-0.3603200625996778,8.04991669456164
107,7.142199993133545,0.9068466090242934,0.6901166029281255,-1.2780983536898727,-0.527315045714877,-0.11574094333626575,-0.2442748861235383,0.6553373114062201,1.2687862525974918,-0.2310079461559984,0.4485876672886443,2.8471670965411336e-16,0.0,0.9472147170591897,-0.1633092885927399,1.767510130897091,-0.21518432816034289,7.434416602055232
108,6.0224000930786135,-0.3920725698714089,0.9793236208107278,-0.9422742584582218,-0.6402075304631063,1.127470162918849,0.17243082610204494,0.30874573293635404,0.9931789279685967,-0.7603807040458844,0.4878482897329173,-0.635518432584168,-0.21356268987902335,0.9510800446013782,3.5775559360201963,1.554572496695436,0.23682835067367675,7.843833287556966
109,5.661999988555908,-0.3767215579521629,0.9348302283441493,-1.1388171113028545,4.349640381538759,-0.26181090613968744,-0.2698349962518184,-2.5575979187779825,0.4910731244751301,1.2493071383139034,0.6701832279675677,2.8471670965411336e-16,0.0,0.5613008823561243,-0.3018550478564156,-0.9036893525566576,-0.03337335498891192,5.238124996423721
110,5.925800037384033,-1.0707701480724097,0.8433009684419036,-1.3536172762723147,-0.6627860260669689,3.7107109762220225,0.6973361815237419,0.25899536772874404,0.9812341884237742,-0.9456983021293734,0.00781833415748877,-1.6670942722554845,2.51562068294127,0.9882035378237902,6.040767472823162e-17,0.049578221650286844,-0.8016608219516789,3.973625053962072
112,5.179599952697754,-0.740308877828786,-0.5920874886870674,-0.029131462881834366,-0.5837612880889916,-0.2547394096738662,-0.2497563342604925,-2.531931234614081,0.17627370731802347,2.0271329898116705e-16,7.366711455903835e-16,1.9073697387114357,-1.0886583045012397,0.3625576514180223,-0.3111952114022814,-1.9247627211549327,1.9641207314699487,12.612791736920675
113,5.838399982452392,-0.5657429273903508,-1.239307374656491,1.0948004840409473,-0.33539781625975407,-0.1588585573469649,-0.15472172994449096,0.7255997937172212,-0.10898632246681171,-2.8932427959864078,-0.6642755561747227,-0.8850583215229189,-0.0627611262123501,0.2666601596462561,-0.2598243119000196,-0.8314524038201834,-0.24749131379771147,5.39300004641215
114,4.449399948120117,1.5377353233380922,0.6554753045185688,0.5779245658804513,-0.2450838338443038,-0.23804873863552836,-0.05507574864737339,-0.14947507869839358,-0.9284625467583508,2.0271329898116705e-16,7.366711455903835e-16,1.5820910755500657,-0.9542908762370387,-0.1818930011483525,-0.33156195691201645,-1.027905381577483,-0.7922629796641112,2.890749990940094
117,5.885400009155274,-0.27286063727825133,0.8029391179269759,-1.1081116060105338,-0.6289182792967168,0.45186069121523775,0.06717030415812178,0.25553224208722847,0.9085464622194095,-1.6267653487904945,0.024825509472527665,-1.0509914795652415,0.5555546828066747,-3.255996169859834,6.040767472823162e-17,0.5601148488925066,-0.9063548802832876,3.3011999988555907
118,6.148600006103516,-0.39848941623787504,-0.08375051219620659,-0.036323727580995634,-0.4934473056735414,-0.2041663836074613,-0.27176122043123696,0.5945597398901549,0.7729468618537964,-0.13605901631824371,3.4671672547278716,1.5757518265591075,-1.061028060037124,0.623169478484573,-0.44130887857593937,-0.6603867874952829,-0.71159561375257,1.0507083299259345
119,5.173400020599365,1.073467214549426,-0.2509185705474975,1.1375391796267906,-0.504736543382098,-0.2662382323448885,-0.2469446285543905,0.5475649413853767,0.6891751748301411,-1.882795807059615,0.3229390420665117,-0.193974901856127,-0.6425040970076722,0.20169696593871375,-0.44597896034887224,-0.08965861153348224,-0.8686652123909999,2.765250007311503
120,4.792750000953674,1.058813473211282,-2.4844866082340142,0.8618812440262958,1.0026866869970278e-16,-0.2659582105754324,-0.24998261592423768,1.101479380439408,-0.30005829245953036,0.9628129540992896,0.758570232347966,2.8471670965411336e-16,0.0,-3.255996169859834,-0.4428655725002503,0.0,-1.0540193567861016,2.221374996006489
121,5.676200008392334,-0.7200976124958056,1.016507394189373,-1.2168256729310003,-0.40313332325809115,-0.24846208910199838,-0.2714560850879265,0.2524213583284002,0.9941108982641099,-1.4972733200698791,-1.6443075277730934,-1.5158177882023316,1.734470155807837,0.6711182243704565,-0.3807275400215044,1.3618168832832613,0.06304405529296424,11.51779160896937
122,5.149600028991699,0.02583383245687703,0.18416323164684378,0.8636793648182528,-0.4821580545071519,-0.24971226444856273,-0.2563821793084486,0.5820671174008999,0.45683839154254585,0.1308968482059691,0.10883728531378492,0.4540755076775455,-0.5610681868091961,0.5319197219448042,-0.392273019960144,-1.2646547694472552,0.3336947038435004,7.690791686375936
123,4.078999996185303,-0.7135992378446295,0.1558780969813256,0.13352469645565002,4.225458389925315,-0.2698701828923576,-0.2752639836486134,0.9428314008576059,-0.371412629615931,2.0271329898116705e-16,7.366711455903835e-16,2.8471670965411336e-16,0.0,-0.38683710497135565,-0.43936301117055065,0.0,1.2543255674039508,13.942541718482971
124,3.83919997215271,0.18427834855128228,0.40980827111601764,1.1977053516240976,-0.32410857855119746,-0.26985780806970916,-0.26633466296531993,-1.8230125311723206,-1.4521718244426916,2.0271329898116705e-16,7.366711455903835e-16,2.8471670965411336e-16,0.0,-0.649772799653905,6.040767472823162e-17,0.0,-0.9962247335376253,2.718625009059906
125,5.597000026702881,-0.5824020169495896,-1.1997400576328439,1.0747450521546749,1.0026866869970278e-16,-0.22668137056304188,-0.2525941213808413,-1.9613294636991194,-0.9166741816763257,-0.0931293939835418,0.9318024836002461,1.973830433081159,-1.1040891999312565,0.12900311714679352,-0.44338447047502066,0.0,2.199788811011292,15.329916636149088
127,5.929800128936767,-1.6913660026358293,1.0182553261957077,-1.1619153830289588,-0.2789515738856394,-0.2371566406834778,-0.26272505997406,0.4529424737088733,1.2472120686525534,-1.682734673194533,-1.284858532190699,-1.380470355025281,0.29157172560768274,0.7036056600875843,-0.366328121221628,1.3131566137138353,-0.04506452696892249,10.81674998998642
128,6.935999965667724,0.2537898454695556,1.087220174024328,-1.5473938757622594,-0.6740752755511292,-0.23862712494328742,-0.28607799137906675,-0.03680847425746055,0.7606285263843825,-1.2152545035304434,-0.5887778882194248,-1.2468091044530683,1.52787292442588,0.8691024030721771,-0.3510206309659035,1.668936773996557,-0.5420582510323303,4.13941664993763
130,5.152400016784668,-0.026170659726188875,0.05703926534851412,0.4422394393548125,-0.5611827857562126,-0.2625784659848361,-0.27297203184325874,-0.29475126296179394,0.17884856111532513,-1.1452632338693,0.7196869934366829,-0.11896397115387274,-0.3195838076576829,0.49402549875929724,-0.43157954154899586,0.0,2.6839932158627557,27.248208443323772
131,3.74539999961853,-0.20943450163247945,0.24089229022986566,1.0817990261875454,1.0026866869970278e-16,-0.26421868384341735,-0.16505868109411545,1.9470403731231714,-1.067552786031277,2.0271329898116705e-16,7.366711455903835e-16,2.8471670965411336e-16,0.0,-0.33346989389038023,-0.4409197050948616,0.04917943183326362,-0.8508887850149656,2.4052083442608514
132,3.8829999923706056,0.4774956043639676,0.3225694371321424,0.45136810726812104,-0.4934473056735414,-0.266413387068963,-0.20223952746619847,1.3853760552748509,-0.8253209484075229,2.0271329898116705e-16,7.366711455903835e-16,2.8471670965411336e-16,0.0,-0.7688739344055185,-0.4257419393328297,-0.5593444636505154,-0.48752163190729425,3.9922916491826377
133,5.904000091552734,1.142040839028534,-1.0784955747639728,0.09189249520419608,-0.45957956563220576,-0.12587981064179762,-0.11998114052651232,0.5243632777061261,-1.1966024277941079,2.0271329898116705e-16,7.366711455903835e-16,1.2839665122743353,-1.0281094758050555,0.477011050937638,0.5182632012680767,-0.6364554425275932,-0.8062960445154473,3.14616667230924
135,4.21899995803833,-0.3724801169925477,0.7598758611188718,1.095353704414815,1.0026866869970278e-16,-0.26454946095810306,-0.19687490927933854,-0.38096449624693907,-0.8238523208021551,1.1465763221508583,0.7796084744431774,1.6435789782097594,-1.0814845307609424,-0.8554876334400036,-0.4452006133867168,0.45641215116347694,-1.0897360209568978,1.654958337545395
136,6.533999919891357,2.327606117020953,0.6826480619875791,-1.0061748905698529,-0.5160257945484875,-0.2650985751907529,-0.2864841394360991,0.47747601416798946,0.90968751779729,-0.10770426401717358,0.4913938440156067,0.7025169152199954,-0.8755261925793331,0.8675609431459873,-0.3058765071608856,1.6649482672192022,-0.4325845809993709,5.206833342711131
139,4.354999923706055,-0.3482301527520341,0.32654204775970586,1.1350495271844234,1.0026866869970278e-16,-0.26733533210692284,-0.2692587671985788,0.23522260592638708,-1.0403136164462128,0.5991777488455147,0.35434081656766303,2.8471670965411336e-16,0.0,-0.1795691335323538,-0.4475356542731832,0.0,0.5004715753779813,8.364500065644583
140,5.706599998474121,0.8507892459542826,0.6265545961002772,-0.12193949185998007,-0.3805548209253121,-0.26487788933285833,-0.28053806800957515,0.6006433360270811,0.8943064338139342,1.4892709436728002,-1.0121708097471336,2.8471670965411336e-16,0.0,0.39580413937153186,-0.3959053057835363,0.0,0.3170649402288161,5.260541677474976
142,6.725199890136719,-0.9928215687642928,0.39598351907406554,0.40309687817957446,2.5094927509474254,0.4136226135591279,0.4387270725572793,0.6873737173635973,0.7396448692479923,2.0271329898116705e-16,7.366711455903835e-16,0.21010947255601273,-0.5654176185232729,0.38574961667115565,2.1751044347097115,-0.6533470289092355,-0.7262960552654179,3.651166637738546
144,5.758599853515625,-0.20274267420859024,0.13156568660105153,0.6409953200277021,-0.43700106329942673,-0.26447612661703823,-0.2583638532352271,0.08347946673345438,0.6486765135882889,-1.4785431526002306,-0.1983625606739437,-0.5914617513872689,-0.4097747418862695,-3.255996169859834,-0.4464978583236426,0.0,-0.9568375040569295,3.8643333315849304
146,5.0291999816894535,0.7384418576796032,0.771475925068122,0.5721154015805631,-0.019298864347845227,-0.26643664395869376,-0.27126419776714455,0.7839667368765337,-0.14381270093261514,2.0271329898116705e-16,7.366711455903835e-16,-1.5391528913087127,1.5434476638731867,-0.08135945187130196,-0.4292445006625294,-0.3293357039660781,-0.515587755823986,6.0575417081515
147,5.2919999122619625,-0.5307024784439814,0.14554929419530344,0.16976277028810105,-0.3692655563010897,-0.2677105826225368,-0.2845212350413264,-0.006385304217869131,0.4799526089639878,-0.8674908745665594,0.6285338808717028,-0.4695651994381413,-0.34857860300870347,0.7182962402932443,-0.43300651097961423,0.0,1.902309746513047,19.102041721343994
149,5.172200107574463,-1.5492169019626363,-0.3686671231033854,0.5477722706568726,-0.549893548047656,-0.21058022258270434,-0.07642059061007594,0.7889043504601099,-0.5150681082228064,-0.42275671426667405,-0.6465053874496619,1.756486074504771,-1.0862255158991039,-0.03341070598541883,-0.11310590953371136,-0.2671139940375919,0.21859083672198404,9.599000056584677
150,4.601000070571899,0.17563594320671153,0.11138472345769412,0.10046785618057986,-0.30153007621841843,-0.2617252600714669,-0.1499581401112683,0.07509692869038331,-1.1456694814762762,1.2908344313086502,-0.49202619483670046,2.8471670965411336e-16,0.0,-0.687667022839412,-0.4087480306591017,-0.8023798501851092,-0.8753389580319407,3.3827083309491477
151,4.383000087738037,4.464275550696485,-1.5253362929080612,0.706555734861421,2.5094927509474254,-0.2455033148797582,0.04892128178435739,-0.7448933060168789,-0.7926142408223421,0.6994914748360649,0.43283081716873517,1.3556576628196497,-1.0569728619726135,-0.22442328183914328,-0.42548249034544455,-0.5299047677687883,-1.1387273694309357,0.8569583334028721
152,4.556999921798706,-1.3048051948774397,0.6329107977302092,-0.9451788323640652,0.6467667526016423,-0.2649158621948327,-0.2768268227878452,-0.24439860584182632,-0.9537377842865721,2.0271329898116705e-16,7.366711455903835e-16,2.8471670965411336e-16,0.0,-0.2143687591387671,-0.4153639798374233,0.0,1.7888196702919386,18.9600834051768
154,4.812400054931641,1.0584052505920978,0.5556829985989166,0.7108434174106384,-0.43700106329942673,-0.2601010627199812,-0.11484365456361963,1.6515074923451363,-0.18230285184525824,2.0271329898116705e-16,7.366711455903835e-16,2.8471670965411336e-16,0.0,-0.3234153711900036,-0.4035590509113985,-0.9203098044652227,0.41729246769785866,9.71904170513153
155,7.404599952697754,1.746088218367848,1.0481294141861062,-1.613645830232861,-0.6289182792967168,0.26574434186125195,-0.16542503992106777,0.7352961418969688,1.8680811311356194,-1.0100987920695474,-1.6044084935713783,-1.2769924559643788,2.4195570857323396,1.0098540431507332,0.40215977941321734,1.2242951049707191,-0.6097603475184793,4.03316667675972
157,7.313000011444092,1.9017051684495447,1.069740522459412,-1.6443513305014328,-0.40313332325809115,-0.17457104926697126,-0.25922135573491334,0.4687110206644721,1.6804645239008427,0.4322330822491449,-3.4300362172703163,-1.201379386793094,2.4414803712890505,0.9332948668166245,-0.2593054139252493,1.5381994435821704,-0.5815607511624754,4.489583313465118
158,6.027400016784668,0.3530797051696615,-0.44764288443133443,1.135049543672625,0.19519686744005674,-0.2642702453221868,-0.25204821680545664,-0.834272641641578,-0.7563232192997561,1.2378246540240667,0.5607787846504514,0.514181056019875,-0.8603207269267446,0.04702547561759243,-0.4141964593941901,-0.24842351715359728,-0.43436828588931276,5.4276250302791595
159,4.104599905014038,-0.15869755444022757,0.5871461725148235,0.23062046981376766,-0.19992682917874577,-0.2655426805043426,-0.19567229086502894,-1.0785705980773561,-1.3020017169576927,1.1273681082665594,1.119333860988059,2.8471670965411336e-16,0.0,-0.7688739344055185,-0.44610868484256483,-1.5298945021635326,-1.1522022665518188,1.347916663934787
160,5.127400016784668,0.11670246294522053,0.7547908827662743,1.4155484316608085,1.7869808916238232,-0.04102101947744355,0.6634862651339208,-0.44463857350254443,-0.8564535050459536,2.0271329898116705e-16,7.366711455903835e-16,1.7345185254219766,-1.0295773280292493,-0.7673207967526148,-0.3655497742594725,-1.4371603502240091,-0.74141511245064,3.9687916537125907
164,7.540999984741211,0.98664969494317,1.1248805424742925,-1.650713730117621,-0.6289182792967168,-0.031096999935993776,-0.25345690123617853,0.47939182791952656,1.5459102046581474,-1.6420206654967164,-1.6039565192457654,-1.3833667301000072,1.0363708776033511,1.0260977610092972,-0.07704250028717405,1.3817597214735964,-0.8371954747330727,3.7786250015099845
165,6.853000164031982,-0.014396542454875344,-2.187811052370701,-0.7963539655628344,-0.6627860260669689,-0.23508220991802867,-0.27159354272209124,0.009000364440952943,0.4872606996715024,0.7908676612196941,1.3564352891941065,2.8471670965411336e-16,0.0,0.06171605582325251,-0.41445590838157526,-1.1021206838415591,-0.04048998342671731,2.443041652441025
166,5.34399995803833,0.554843089475821,0.1797139028188067,1.2250913471199225,-0.2676623361770828,-0.14233500449287098,0.8303783096516195,0.08631858205111889,-0.7415956920899425,2.0271329898116705e-16,7.366711455903835e-16,1.528807495824308,-1.0408860622475018,-0.12234827263590292,-0.40161318350600983,-1.478190740526226,-0.9420399938653071,2.0140416622161865
168,4.736600112915039,-0.9837551532942795,-0.9427015918315538,-0.44016748886168344,-0.5837612880889916,-0.26494458836572954,-0.26712430327876996,0.1712170249880951,0.7701006664726235,-0.6404359725513479,0.6416636796611478,1.6161147077814846,-1.0364526769949127,0.21715827610746918,-0.42210965350943747,-1.2870904624113821,2.2499571307537582,20.038874904314678
169,6.538000011444092,-0.27248515206285145,0.5990640517548802,0.18276417867689912,0.5564528509331894,-0.24962976726098354,-0.2669202698718945,0.4248885709450319,-0.06919988203149982,1.2239000049284343,0.08828423931820777,2.8471670965411336e-16,0.0,0.5991951055416312,-0.40589409179786495,-0.932937641498356,-0.21322467016396277,4.875791629155477
171,5.666600036621094,0.14146016231836722,0.25805403178924047,1.0007475958652154,0.05972585344338263,-0.25448605093788285,-0.25298634772240847,-0.27353545010618796,-0.25257095819710984,1.3122748099448556,-0.5182899055876129,2.8471670965411336e-16,0.0,0.43292763259394385,-0.393829713884455,-1.741288632626618,-0.28546492794839307,4.61991669734319
172,5.728400039672851,-0.8609064202162144,0.8426653568032366,0.1351844771167123,0.1726183381916119,-0.18250040424202568,-0.09693609054755618,0.9027184558212145,0.9341321022571948,1.035640441693233,-2.427415060876442,0.1085468632209701,-0.7781802851363907,0.21019835098618617,-0.3885110096430592,-1.2666490989118229,-0.6919808715967076,3.7414583563804626
173,5.387399959564209,-0.33160104894719405,0.47019211556432267,0.7957675964525585,-0.19992682917874577,-0.1324952427061245,0.29176479792398785,-0.5642213772537559,-0.09955070801263848,1.4888806761597173,0.3188044340906385,1.5158828230618184,-1.0799225607064593,0.34554320359636354,-0.2223339332228639,-0.9595293603503079,-0.8153480674413801,3.0036250054836273
175,5.98080005645752,-0.6871302785247237,0.7280948624406846,-1.348638011577571,-0.6176290348592437,-0.0014267180129166185,0.010596086521036666,0.42365242815423476,1.196944035253343,-1.4545916375920231,-1.005382098424808,-0.13785711491327476,-0.6878249770817907,0.7051471200137741,2.042007104181124,1.4722325175735518,0.18852257848127127,9.220333278179169
176,5.304600048065185,-1.1177686610664213,1.1167763804236055,-1.33162550300265,-0.5950505392553812,-0.1309378071811272,-0.20885505735555493,0.9841711862855357,1.3702305204243876,-0.13727507073477643,-0.38926136035612374,-1.087379331029101,0.17233684459540255,0.7600557910209407,0.7831606173883255,1.4917286381359662,-0.011908160874738621,7.707916667064031
177,7.039000034332275,0.04377805392113967,0.0,0.0,1.3918571950050207,-0.2092223765645007,-0.26175385013155644,-1.707864223431536,-0.5875762573241162,1.19818474957335,0.23707776260581223,0.9349074366424356,-0.837977670734392,0.8188297895702948,-0.04448165237033641,0.0,0.013797905085577163,12.402500053246817
178,6.421800041198731,0.6537009599239848,-2.1844740563416405,-0.3696581909805309,-0.6514967782650376,-0.20994448213185882,-0.2820632182195704,0.6566203313701423,0.960322943284279,0.5223744517736157,2.388380474972217,2.0725877148152985,-1.1082733274746113,0.6517915866595122,-0.41056417357079783,1.4407906564105548,-1.0186667130435558,0.16008333349600434
179,5.698400020599365,-0.9067761527814903,0.6225819854727138,0.17488029576427086,-0.527315045714877,-0.1669450667667157,-0.11763325605200738,-0.011770297858374003,0.8930303176575752,-1.2810895316477402,0.2644486285257144,0.006485504748574822,-0.6217453650317286,0.6053843006998193,-0.09299861301136142,0.7614058728942917,-0.5337706718193768,6.706999997297923
180,5.798599910736084,-1.5101627451105417,-1.1237834770431485,0.7787551280676284,0.1274613873573855,0.8116233379489577,1.2574200125695214,0.048461315076383966,0.5854224404377,-1.9550988305108898,-1.2854475067844195,-1.3391077374598475,1.1350122476651994,0.4909309011802036,2.0734004316547283,0.8898377995286189,-0.8837933774324108,3.2003750006357827
181,3.438600015640259,0.08160208189314692,-1.7559073876932856,-0.0772643806938383,-0.40313332325809115,-0.2670950214772997,-0.22590134854717922,1.9621805660726206,-0.9036018911585816,2.0271329898116705e-16,7.366711455903835e-16,-0.3053790403554308,-0.9234527806153741,-0.4548832185312785,-0.4371576947777768,-1.0193578749213128,0.48064450221124205,10.787499984105429
193,6.375999927520752,-0.8250568156038338,-2.175098657398376,-0.19054278775403444,-0.6063397836928542,0.06034819419734466,-0.129673822900627,-0.27256160037879673,-0.7258506702628414,2.0271329898116705e-16,7.366711455903835e-16,1.6661344272140461,-1.0604566773842712,0.23572586158203174,-0.019315100593975842,-1.0034036195842229,1.0807779012582501,3.4335000018278756
194,4.394000005722046,-0.37255944855477713,0.8569668365171361,-0.525122060886552,-0.6627860260669689,-0.2600468409735609,-0.21468177472144198,-0.2091320955004055,-0.8638438365456883,0.88912966404693,0.08500398463091571,2.8471670965411336e-16,0.0,-0.37522944461807567,-0.41432618388788267,-0.7290778389842463,-0.08360843481820276,5.5382916529973345
195,5.339200019836426,-0.3428075646519933,-0.12601927339892366,0.4997777053419143,-0.5837612880889916,-0.2307835165097374,-0.22245392205721554,0.5244899556266148,0.9366530538657962,-1.0065160579412167,0.06447996813787636,-0.8818446744650026,-0.2384364875288631,0.5930175881101571,-0.41562342882480846,-0.09268201956632027,1.0532796435321359,13.452360076904297
197,4.559200096130371,0.26729341706620074,0.4339618070010449,0.796182571502689,-0.504736543382098,-0.26896642661613773,-0.2500314200756669,-1.8537377216705007,-1.3005071053373376,1.4644252905309165,-0.25021368177604886,2.8471670965411336e-16,0.0,-0.8346078580761558,-0.4488588441088475,0.0,-0.8957424160880059,4.873916665712993
198,6.542799949645996,0.7594588112063385,-1.190364648626139,-1.6433831391994849,-0.6740752755511292,-0.13185792917978614,-0.2593383345449878,-3.027134887693212,-1.4759906350024616,1.6077774044313429,0.30988407136807633,-0.37997868619195235,-0.36308550415885343,0.8010446117855412,0.3367786345921569,1.7327537953449168,-0.6674700343847435,3.9105416436990104
200,6.108399963378906,-0.7094164057034844,0.9650221505683015,-0.7049290308008863,-0.5611827857562126,-0.2023830935060313,-0.24625083580461374,0.2600204575313931,0.7598509691512698,-1.24947051054221,-0.5041151238062742,-0.90696473580069,0.9543767770914641,0.7299039006465248,-0.33350782431740517,1.4700786569669968,0.4873182283244995,11.352833350499472
201,5.888000011444092,-0.04928530262439233,0.8542654112810131,-1.2635754826148866,-0.6402075304631063,-0.22942647730384685,-0.27324157313645997,0.3200770354453816,1.0387124168573298,-1.1107827807581123,-0.06331256890109746,-1.3430940594641985,1.3671981067774794,0.7469066707414704,-0.3556907127388364,1.4734968988705617,-0.3184514263408852,5.863791644573212
203,5.0591667493184405,1.1172612753164373,-0.12705214941536253,1.0447311094281417,1.0026866869970278e-16,-0.2681609882128308,-0.2192869765417969,-3.281000419426433,-1.681905931105125,0.4813370137967779,-0.3042419628355031,2.8471670965411336e-16,0.0,-0.6118785764683985,6.040767472823162e-17,0.0,1.9413661795610166,14.965120010375976
204,4.675200080871582,-0.804949574438545,0.723327756207734,-0.22290805103614073,3.08524446622846,-0.05129775512347624,0.04845670481014658,0.27379258275509855,0.6131719409806174,2.0271329898116705e-16,7.366711455903835e-16,0.7431580251512203,-0.7557681320379065,-0.05351975138617164,0.13155448557049498,-1.6894372457241578,2.051904733051771,19.731291850407917
206,3.3824999928474426,0.22575195017777802,-1.8245543338039036,1.1444548671154209,0.98544420684633,-0.26074629960715756,-0.2055222673017588,0.0,2.0296627422185493e-16,2.0271329898116705e-16,7.366711455903835e-16,2.8471670965411336e-16,0.0,-1.1377616435602107,6.040767472823162e-17,0.0,0.5939828642437488,11.111124992370605
207,6.351399993896484,-0.42522499330854013,0.9850442297449393,-1.52650860301006,-0.6289182792967168,0.5488834916124514,0.04044529397556137,0.6643483956537725,1.7949833560170547,-0.9310467634659929,-0.03635650055968919,-1.1627061771164842,1.54562456703788,0.9510800446013782,3.8264972394162577,1.6123110544077492,1.186702345400812,13.426749964555105
208,4.392600059509277,1.4713881050036062,-0.2512363432166741,0.10461728928400973,-0.30153007621841843,-0.2380394802428286,-0.1459577657621526,0.5001226859443381,-0.7429532826394771,1.4483439182450253,0.06389534401456326,2.8471670965411336e-16,0.0,0.5288251243657105,-0.3983700711636953,-0.4028409899458586,-0.07623698168393864,3.9933333496252694
209,4.241750001907349,-0.3977600124337605,-1.5548926117810857,1.0324212903984586,-0.12090211138751791,-0.23865324147435377,-0.049471621930899275,-1.047975343261389,-0.7039704933270103,1.0660938450303565,1.8906925137087807,2.8471670965411336e-16,0.0,-0.30176486586306095,-0.44688703180472034,-1.661960003508957,2.2786117987973085,11.813541730244955
210,6.269000053405762,-0.4299036772659397,0.7660731598391373,-0.8780969976104301,0.3645355407310691,-0.2688033476817236,-0.2858607432240311,0.4382568490339616,-0.03490646690480255,1.324934996651334,0.47272601504654493,2.8471670965411336e-16,0.0,0.2527403094036905,-0.4450708888930242,0.0,0.5799862076732477,5.513124992450078
212,4.539499998092651,-0.7823443872747384,-1.9397604291497155,0.07031561042160504,0.6128990933073041,-0.2686801084510949,-0.2824937944532372,0.20145499271516565,-0.33187395763749156,2.0271329898116705e-16,7.366711455903835e-16,2.8471670965411336e-16,0.0,-0.37445871465498076,-0.4117316940140311,0.0,2.5472360697665017,22.02912473678589
213,7.319199943542481,1.0529457155244157,1.1209079318467294,-1.65486312129207,-0.5611827857562126,0.07014135690630868,-0.2179722069565667,0.4168745732031846,1.3464389370079126,-1.6208819381544919,-1.7552381952086398,-1.5167182655134412,2.011198525766792,1.042329801141147,-0.1509854616919448,1.258644586661497,-0.3486774075107076,6.843208332856496
214,7.511399936676026,0.5321955833892485,1.152688845281656,-1.5985697076110015,-0.6402075304631063,0.12777093681064206,-0.23214264940656415,0.6091253943663578,1.0750514273096397,2.0271329898116705e-16,7.366711455903835e-16,-1.233652013960767,1.3213038830160586,1.0175846982351104,0.4504172910668572,1.4566211362741048,-0.6710617149053556,3.736541678508123
215,3.292199945449829,1.8883054896769451,-2.3900970628076097,1.3533075328066613,-0.5950505392553812,-0.2483100151562222,-0.1726114936640245,0.0,2.0296627422185493e-16,2.0271329898116705e-16,7.366711455903835e-16,2.8471670965411336e-16,0.0,-3.255996169859834,-0.3449235797623522,0.0,2.0640448999935512,8.647916555404663
216,6.397200012207032,0.13186837226405287,0.8808025476398826,-0.6915126947655368,-0.6063397836928542,-7.110870299750636e-17,6.00132721476499e-17,0.0,2.0296627422185493e-16,0.4469268608953795,0.95592196613647,-1.3078091285931128,-0.17635163311617116,-3.255996169859834,6.040767472823162e-17,0.0,-1.3145259209451419,0.0
217,5.09779987335205,0.12419640601569147,-1.707282461562596,1.3425191625512463,-0.5950505392553812,-0.26615924410355973,-0.2314638142132421,0.41112576734041834,0.21179081835934674,2.0271329898116705e-16,7.366711455903835e-16,0.6377299189315438,-0.9629216701617243,0.1034756065509484,-0.450441482931897,-0.5803082402888572,-0.07087372224153088,10.616999944051107
218,3.465999937057495,0.8346802104504423,0.18845365756521376,-0.3699348197166911,0.03714737802626942,-0.2486004530671674,-0.029019593279032252,0.06787338502772498,-1.4991724335642642,2.0271329898116705e-16,7.366711455903835e-16,1.2273043792136615,-1.01189329513764,-3.255996169859834,-0.41367756141941975,-0.7162267952889332,-0.8312255147577262,2.0599583288033805
219,6.286599922180176,2.4206184334256204,-0.5806463276474844,0.6234295364617468,-0.40313332325809115,-0.0657474573573641,0.17382903133483157,-0.019064858804631615,0.4022690216006384,1.5494655611095642,0.7287402432553309,0.17426450870783392,-0.9561184023603861,0.35946305383892874,0.4511956380290127,-1.1310377383568326,-1.1637963776279663,1.1112083221475284
221,3.544199991226196,-0.37265283388713666,0.06975163072248503,0.8461135936184485,1.0026866869970278e-16,-0.2679690800211801,-0.25112649469202836,1.2442061691504975,-1.0843929702991812,1.6177033460331935,-0.14391112385951513,2.8471670965411336e-16,0.0,-0.40616374268230004,-0.44377364395609836,-0.35592742281802997,-0.9054436093652903,3.6449583570162454
224,6.17760009765625,0.41219209517865396,0.7277770850357711,-1.2349446830538986,3.6609959661841684,-0.25735986385976517,-0.27927414153575075,-1.2110495639352672,-1.5190624065745952,1.1694248852280242,0.5206142135549517,1.2168260922168883,-0.8895861083388377,0.49479622872239215,-0.41692067376173425,0.0,-0.34103294723699346,4.293874949216843
225,4.72839994430542,-1.4682954183302461,-0.4066454039267597,0.32577987293414096,-0.15476982451318771,-0.24456164115993115,-0.21750744859368953,0.8936393333642049,0.6495195815946765,-0.28281222561879793,0.8520289360300237,1.8378218092946836,-1.0657109208633515,0.23340199396603303,0.08381587189162545,0.03185299566258958,1.553163735523177,12.531791607538858
226,5.4153999328613285,-1.1987012498040868,-0.7633870274254315,0.6073852305244124,-0.41442256096664776,0.14684170608177924,0.19131354683468024,0.35349650059838283,0.7182055279481552,2.0271329898116705e-16,7.366711455903835e-16,0.9839373872247376,-0.8362779227211049,0.3122850379161405,0.4681895467027407,0.10940673622129184,0.28006814130385277,9.268083254496256
227,5.582200050354004,0.005497449166645399,-2.4631933430739688,1.369351863476298,-0.22250535842719057,-0.24806414592939013,-0.24938014209482812,-3.0583004430092093,-1.5184768195892704,-0.8755792966514809,1.6536697103679174,2.8471670965411336e-16,0.0,0.1560604099421154,-0.42236910249682263,-1.2950117884143821,-0.8364795652690745,7.950749933719635
230,4.020199966430664,0.5520929899455672,-0.04211743840394449,0.9574555892203969,0.3984033076880705,-0.25656407680449417,-0.1024384873227417,0.8227875517480757,-1.600067883398841,2.0271329898116705e-16,7.366711455903835e-16,1.0553066992102895,-0.9872863041747884,-0.5275887450499118,-0.4298931231309923,-1.496988864795014,-0.7970074082659487,2.4432916790246964
231,4.3072000503540036,-0.1495359148268095,0.013658193249603419,0.9783408393013194,0.0032796110692679854,-0.1531196548906136,0.09268096867208393,0.04182930021950289,0.7336170935465761,-1.6071344963299241,-0.6024757002451722,-1.0280259876511935,0.4964975979058295,0.5961121856892515,0.031407176439823034,1.0414034914965893,-0.26186414587532236,8.619541565577189
232,6.744199943542481,0.44753044464868635,-2.1307641702093325,-1.2816944881004784,-0.6176290348592437,-0.10155190873822502,-0.25876384425409416,-0.9532409873260292,-1.4994613187850234,0.5140096237564463,2.737553343054133,2.8471670965411336e-16,0.0,0.4298330350148498,-0.15033683922348187,-0.19173009002241048,-0.516224796590954,1.9902083178361256
233,6.910000038146973,1.8301838247902984,1.069899434840552,-1.5298281189896314,-0.5668274113394074,1.4940560499366595,0.18955896845977052,0.40247841843579496,1.127306475542593,-0.9174005935307522,-1.688834908792206,-1.2668733139740513,1.7429859931592364,0.9294295392744352,2.366837236387345,1.5954791115241127,-0.6132731651280415,5.604250013828278
234,6.9988000869750975,1.216610090801145,1.0360526793937497,-1.4606715898403022,0.03714737802626942,10.588688502430529,1.8697073569096427,0.2220891557592491,0.8363848998327733,-1.194582416787209,0.19110309873129994,0.045282884546318555,-0.21004423937816238,0.8760623281934593,5.168756575653386,0.13356554810101887,-0.5251676091393325,5.776624937852223
236,6.431200122833252,-0.4234568714138039,1.0687871334158316,-1.5121240421811037,0.3984033076880705,-0.2443613033926417,-0.26407752933195916,0.10219798900449922,0.6325268076402972,0.7673890979808623,-2.893477435711124,-1.0370460081602193,1.6638320054318645,0.7569611934418462,-0.1883461158754079,0.005704038492262104,0.38831022638144796,7.3345000346501665
237,6.046199989318848,0.9737137905848622,-2.2612251423041796,1.1105681674251973,-0.5611827857562126,-0.22765634277384875,-0.07145049199527505,0.356865833453981,0.7498424078476663,2.0271329898116705e-16,7.366711455903835e-16,-0.5142916260919572,-0.4721475748194131,0.2844453374310102,6.040767472823162e-17,-1.4603777990369973,-0.2449128235142661,5.286958307027817
239,5.5314000129699705,-1.4091227415877052,-0.7403458048044668,1.4133354017715263,3.446500503552924,-0.12233013421547649,-0.11305437947894628,0.0,2.0296627422185493e-16,1.3281508836706017,0.2902766594401757,0.30261381805471305,-0.5738815084390358,-3.255996169859834,-0.359841896536999,-0.5221669368132243,0.0002016586005374288,7.705749968687694
240,5.154600048065186,-0.18853575738721198,-1.9969662083010797,0.020246305883655284,-0.527315045714877,-0.181333265486201,0.2873598702225042,0.6232575455051884,-1.681905931105125,0.5959596634425983,0.7391492578518952,-1.502089727877582,0.728088385395267,-3.255996169859834,-0.3241676607715394,-0.2748239812173011,-1.0629439727881618,1.7261666655540466
245,3.625800037384033,-1.0588144088073033,-1.2205565921611066,1.313196759719224,0.07101514498327084,-0.26214327116095354,-0.18979367848055256,0.0,2.0296627422185493e-16,2.0271329898116705e-16,7.366711455903835e-16,1.9486984413253388,-1.0261925814483164,-0.3798771798500731,-0.44273584800655774,-0.5798177029481159,1.4705422859621684,12.155346136826735
246,4.58439998626709,0.012134637633767303,0.16509457939968,-0.5714569465306808,-0.08703434443051648,-0.2606328591364271,-0.2099398182076104,-0.375286515469441,-1.681905931105125,2.0271329898116705e-16,7.366711455903835e-16,1.1412974378376382,-0.985070135474164,-0.3829717774291671,-0.42950394964991456,-1.841002823578293,0.024876307039348053,9.75691662232081
247,4.006599998474121,-0.4199558277214798,-1.12600813672143,0.9545510194366038,0.1500398627744987,-0.2582277322202872,-0.20460581911986686,-2.2795767277257952,-1.3489510000446987,2.0271329898116705e-16,7.366711455903835e-16,1.4330026555157538,-0.9890278892884118,-0.2360309421924233,-0.2738345572188183,0.7396003926055216,-0.47675870184865377,5.548249979813893
